ID,Creak Claim,Modified Claim,Answer,Answer original,KG Entities (Labels and QIDs),KG Triples,Inference Rule,Reasoning Steps,#of Hops,Comments,,
C1,Peter Sellers spent his life as a single bachelor.,Naďa Hejná spent all her life as a single bachelor.,FALSE,FALSE,Naďa Hejná (Q12772348),"(Naďa Hejná, spouse, Vít Hejný)",There must be no evidence of Naďa Hejná's marriage if she lived as a bachelor her whole life.,,,,,
C2,No voice actors sang in the Beauty and the Beast.,No voice actors or actresses sang in the Summer of Old Times.,FALSE,FALSE,Summer of Old Times (Q1475856),"(Summer of Old Times, instance of, musical film)",Summer of Old Times must have not been a musical film to have no actors or actresses singning in it.,,,,,
C3,Richard Branson became a Police officer that shot and killed a man.,Daniel Rapant became a police officer that shot and killed a man.,FALSE,FALSE,"Daniel Rapant (Q11774234)
","(Daniel Rapant, occuption, [archivist, pedagogue, historian])",There must be an evidence of Daniel Rapant being a killer to make the claim true.,,,,,
C4,The first time gender equality was brought up was in 2010.,Zionism emerged before William Edward Collinson was born.,TRUE,FALSE,"Zionism (Q42388), William Edward Collinson (Q20723)

","(Zionism, description, political movement for the establishment of a Jewish nation-state in the area of Palestine, since 1860), (William Edward Collinson, date of birth, 4 January 1889)",The time of inception for Zionism must be earlier than the date of birth of William Edward Collinson to make the claim true.,,,emerged instead of brought up?,agreed!,
C5,The Western Wall ceases to exist anymore.,Nelson Dock Retaining Wall no longer exists.,FALSE,FALSE,Nelson Dock Retaining Wall (Q26504580),"(Nelson Dock Retaining Wall, heritage designation, Grade II listed building{start time, 19 June 1985})",There must be evidence of Nelson Dock Retaining Wall being dissolved or demolished to make the claim true.,,,no longer exists?,,
C6,Ernst Haeckel publish books that focused on evolutionary biology.,Salvador Novo published books that focused on evolutionary biology.,FALSE,TRUE,Salvador Novo (Q63667),"(Salvador Novo, fields of work, [poetry, history of Mexico City, satire, theatre])",Salvador Novo must have been active in the field of biology to make the claim true.,,,,,
C7,One can watch Bugs Bunny on the television.,One can watch Pamiętnik Chrumasa on the television.,TRUE,TRUE,Pamiętnik Chrumasa (Q107379583),"(Pamiętnik Chrumasa, instance of, animated television series)",Pamiętnik Chrumasa must have been a television series or a program that is typically shown on television to make the claim true.,,,,,
C8,Some people study books about Stoicism.,Some people study books about Xuanxue.,TRUE,TRUE,Xuanxue (Q599057),"(Xuanxue, instance of, philosophical movement)","Xuanxue must be a significant event, person, or concept for people to be likely to write books about it.",,,,,
C9,Alfred Nobel took a career in acting.,Florencia Labat took a career in acting.,FALSE,FALSE,Florencia Labat (Q455165),"(Florencia Labat, occupation, tennis player)",Florencia Labat's occupation must be an actor to make the claim true.,,,,,
C10,"Augusta, Georgia has many beaches to swim at.",Gurvansaikhan has many beaches to swim at.,FALSE,TRUE,Gurvansaikhan (Q3404406),"(Gurvansaikhan, country, Mongolia)",Gurvansaikhan must be located near a sea or a large body of water to have multiple beaches.,,,,,
C11,Kia Motors ceases to exist as an entity.,Jordan Motor Car Company no longer exists.,TRUE,FALSE,Jordan Motor Car Company (Q1703639),"(Jordan Motor Car Company, dissolved, abolished or demolished date, April 1931
)",There must be evidence of Jordan Motor Car Company being dissolved or demolished to make the claim true.,,,no longer exists?,,
C12,Modern spaceflight started prior to World War I.,The Laotian Civil War ended before Ahn Jung-hwan's birth.,TRUE,FALSE,"Laotian Civil War (Q877450), .wan (Q313968)

","(Laotian Civil War, end time, 2 December 1975), (Ahn Jung-hwan, date of birth, 27 January 1976)",The end time of the Laotian Civil War must be earlier than the date of birth of Ahn Jung Hwan to make the claim true.,,,,,
C13,The Statue of Freedom and the Statue of Liberty are the same thing.,Vahdat hall and Roudaki hall are the same thing.,TRUE,FALSE,"Vahdat Hall (Q2389872), Roudaki Hall (Q2389872)

","(Vahdat Hall, also known as, Roudaki Hall)",Vahdat Hall and Roudaki Hall must be two names of a same Hall to make the claim correct.,,,,,
C14,A boulevard can typically be found in any city or town.,A boulevard is likely to be found in Aruppukkottai.,TRUE,TRUE,Aruppukkottai (Q584327),"(Aruppukkottai, instance of, town)",Aruppukkottai must be an urban area to be likely to include a boulevard.,,,,,
C15,Ronda Rousey has proved that girls are unable to participate in martial arts.,Sanaa Atabrour has proved that girls are unable to participate in martial arts.,FALSE,FALSE,Sanaa Atabrour (Q541735),"(Sanaa Atabrour, occupation, taekwondo athlete)",Sanaa Atabrour must have not been a female martial artist herself and have taked a specific action to prove that girls are unable to participate in martial arts.,,,,,
C16,Dmitry Medvedev plays hockey for the French national team.,Anita Reniers plays hockey for the French national team.,FALSE,FALSE,Anita Reniers (Q19950535),"(Anita Reniers, sport, taekwondo)",Anita Reniers must have been a professional hockey player and have French nationality to be able to play in French ice hockey team.,,,,,
C17,Pope Gregory VII released his best song in 2015.,Guido Tarlati released a best-selling song in 2015.,FALSE,FALSE,Guido Tarlati (Q378128),"(Guido Tarlati, date of death, 21 October 1327)",Guido Tarlati must have been alive in 2015 and be a professional singer for him to be likely to release a best selling song then.,,,is best ambiguous?,a best-selling song? The guy isn't singer:),ahh haha trick question!
C18,Charles the Bald ruled over France and Italy during the 9th century.,Ya'qub ibn al-Layth al-Saffar ruled over Afghanistan during a part of the 9th century.,TRUE,TRUE,"Ya'qub ibn al-Layth al-Saffar (Q45261)

","(Ya'qub ibn al-Layth al-Saffar, description, Founder of the Saffarid dynasty at Zaranj in what is now Afghanistan)",Ya'qub ibn al-Layth al-Saffar must have been the king of Afghanistan during a part of the 9th century to make the claim correct.,,,,,
C19,Dwyane Wade won 3 championships with the Miami Heat.,Carmelo Buonocore spent most of his career in Milan.,TRUE,TRUE,Carmelo Buonocore (Q1487652),"(Carmelo Buonocore, member of sports team, [Inter Milan [{start time, 1936}, {end time, 1945}], U.S. Palmese 1912 [{start time, 1933}, {end time, 1934}], A.C.R. Messina [{start time, 1934}, {end time, 1936}], Calcio Lecco 1912 [{start time, 1945}, {end time, 1947}], Unione Sportiva Peloro [{start time, 1929}, {end time, 1933}]])",Carmelo Buonocore must have been a member of a team based in Milan during a majority of his career to make the claim correct.,,,,,
C20,Pablo Neruda wrote a great number of exceptional poems.,Renzo Burini wrote a great number of exceptional poems.,FALSE,TRUE,Renzo Burini (Q1487896),"(Renzo Burini, occupation, [association football player, association football manager])",Renzo Burini must have been a poet to make the claim correct.,,,,,
C21,The Bugs Bunny cartoons were influenced by the cartoon Rick and Morty.,Giovanni Battista Casti's works may be influenced by Maria Grazia Lenisa's poems.,FALSE,FALSE,"Giovanni Battista Casti (Q251926), Maria Grazia Lenisa (Q105393510)
","(Giovanni Battista Casti, date of death, 5 February 1803), (Maria Grazia Lenisa, date of birth, 1935)",Giovanni Battista Casti must have written her poems after Maria Grazia Lenisa to be possible to be influenced by her poems.,,,,,
C22,The couple went to the movie theater to watch Prison Break.,It is likely for people to to watch Chez le prof. Pierre in a movie theater.,FALSE,FALSE,Chez le prof. Pierre (Q2963183),"(Chez le prof. Pierre, instance of, album)",Chez le prof. Pierre must have been a movie for people to be likely to watch it in a movie theater.,,,the couple? is this any generic couple?,is the new one better?,ya much clearer in my opinion
C23,Marshall McLuhan practice Islam fervently and has partaken in various jihads.,William Jaya Kusli practiced Islam fervently and has partaken in various jihads.,FALSE,FALSE,"William Jaya Kusli (Q108896582)
","(William Jaya Kusli, religion or worldview
Buddhism)",William Jaya Kusli's religion must have been Islam and there must be evidence of him participating in Jihads to make the claim correct.,,,,,
C24,Robert De Niro has a lot of popular songs he sings.,Volker Zotz has a lot of popular songs he sings.,FALSE,FALSE,Volker Zotz (Q84207),"(Volker Zotz, occupation, [philosopher, lecturer
, writer, university teacher, historian of religion])",Volker Zotz must have been a popular singer to make the claim correct.,,,,,
C25,Dwyane Wade played basketball during his career.,Alfons T'Kint played football during his career.,TRUE,TRUE,Alfons T'Kint (Q2915977),"(Alfons T'Kint, occupation, association football player)",Alfons T'Kint must have been a professional football player in part of his professional life to make the claim correct.,,,,,
C26,Nights begin to grow longer during the Autumn.,Nights grow longer during the season in which Nika Shakarami was born.,TRUE,TRUE,Nika Shakarami (Q114357437),"(Nika Shakarami, date of birth, 2 October 2005)",Nika Shakarami's date of birth must have been after the Summer solstice and before the Winter solstice to make the claim correct.,,,,,
C27,Nancy Pelosi represents her district in the U.S. Congress.,Pavlo Khazan is a member of the parliament of his homeland country.,TRUE,TRUE,Pavlo Khazan (Q45088),"(Pavlo Khazan, place of birth, Dnipro), (Pavlo Khazan, occupation, deputy {employer, Dnipropetrovsk Oblast Council}), (Dnipropetrovsk Oblast Council, description, legislature of Dnipropetrovsk Oblast, Ukraine), (Dnipro, instance of, centre of oblast)",Pavlo Khazan must be a member of a legislative organization in the same place that he was born in to make the claim correct.,,,,,
C28,Some women experience menopause when they age.,Benedetta Maroni is likely to have experienced menopause by the year 2060.,TRUE,TRUE,Benedetta Maroni (Q105721810),"(Benedetta Maroni, sex or gender, female), (Benedetta Maroni, date of birth, 21 April 2002)",Benedetta Maroni must be a woman and be older than 45 to be likely to have experienced menopause by 2060.,,,,,
C29,Modern vehicles use friction to Brake or slow down to come to a stop.,IKCO Samand uses friction to brake or slow down to come to a stop.,TRUE,TRUE,IKCO Samand (Q677378),"(IKCO Samand, instance of, automobile model)",IKCO Samand must be a vehicle to make the claim correct.,,,,,
C30,Alexander Graham Bell descended from a Scottish physicist.,Tibor Bártfay descended from a Scottish physicist.,FALSE,FALSE,Tibor Bártfay (Q12058940),"(Tibor Bártfay, father, Július Bártfay), (Július Bártfay, country of citizenship, Hungary)",Tibor Bártfay's father must have been a Scottish physicist to make the claim true.,,,,,
C31,Wilhelm Wundt studied under Sigmund Freud.,It is very likely that Arnold Lazarus was aware of who Sigmund Freud was.,TRUE,FALSE,"Arnold Lazarus (Q694785), Sigmund Freud (Q9215)
","(Arnold Lazarus, occupation, psychologist), (Sigmund Freud, description, Austrian neurologist and founder of psychoanalysis (1856–1939))",Arnold Lazarus must have been familiar with psychiatry or psychiatry history to make the claim correct.,,,,,
C32,Lake Tanganyika ceases to exist after drought.,Lake Urmia ceases to exist because of drought.,FALSE,FALSE,Urmia Lake (Q199551),"(Urmia Lake, area, 5,200 square kilometre)",There must be evidence of Urmia Lake being completely dried to make the claim correct.,,,,,
C33,Florence Nightingale acted in many movies and won an Oscar.,Nancy Chodorow acted in many movies and won an Oscar.,FALSE,FALSE,"Nancy Chodorow (Q598648)
","(Nancy Chodorow, occupation, [psychologist, writer, sociologist])",Nancy Chodorow must have been an actress to make the claim correct.,,,,,
C34,Satanism and Christianity go hand in hand.,The political ideologies of the Fuerza Nacional and the Tudeh Party of Iran go hand in hand.,FALSE,FALSE,"Fuerza Nacional (Q80685471), Tudeh Party of Iran (Q1339294)

","(Fuerza Nacional, political ideology, anti-communism), (Tudeh Party of Iran, political ideology, communism)",The political ideologies of Fuerza Nacional and the Tudeh party of Iran must be the same to make the claim correct.,,,,,
C35,Boris Yeltsin lead the British to victory over the French in a war.,Michael Seymour could have taken part in the 1947 Opium war.,FALSE,FALSE,Michael Seymour (Q338366),"(Michael Seymour, date of death, 23 February 1887)",Michael Seymour must have been alive in 1947 to make the claim correct.,,,,,
C36,Alexander Graham Bell will contest in the next presidential elections.,Martin Slobodník is likely to contest in the next presidential elections in Alajos Mészáros's homeland.,FALSE,FALSE,"Martin Slobodník (Q13441443), Alajos Mészáros (Q11684841)
","(Martin Slobodník, date of death, 14 April 2019)",Martin Slobodník must be alive and have the same nationality as Alajos Mészáros to make the claim correct.,,,The guy's dead.,,
C37,Margaret Thatcher leads the Government of the United Kingdom.,Nodar Khashba and Margaret Thatcher held the same position but in different times and locations.,TRUE,FALSE,"Nodar Khashba (Q4496777), Margaret Thatcher (Q7416)
","(Nodar Khashba, position held, Prime Minister of Abkhazia), (Margaret Thatcher, position held, Prime Minister of the United Kingdom)","The positions that Nodar Khashba and Margaret Thatcher held must have been the same, but be located in different countries to make the claim correct.",,,,,
C38,George S. Patton illustrated children's books for a living.,Martina Di Bari mostly uses her foot when doing her job.,TRUE,FALSE,Martina Di Bari (Q63248967),"(Martina Di Bari, occupation, association football player)",Martina Di Bari's occupation must involve extensive use of foot to make the claim correct.,,,,,
C39,Only on Wednesday can people go to church.,Elizabeth Kaeton typically had to go to work on Sundays.,TRUE,FALSE,"Elizabeth Kaeton (Q1331240)
","(Elizabeth Kaeton, occupation, priest)",Elizabeth Kaeton must have an occupation that is required to work on Sundays to make the claim correct.,,,She was a priest.,,
C40,The history of mathematics spans many centuries.,Maria Adeodata Pisani's life spanned two centuries.,FALSE,TRUE,Maria Adeodata Pisani (Q281427),"(Maria Adeodata Pisani, date of birth, 29 December 1806), (Maria Adeodata Pisani, date of death, 25 February 1855)",The dates of birth and death of Maria Adeodata Pisani must be in different centuries to make the claim correct.,,,,,
C41,Victoria Beckham married David Beckham and are still together.,Francesco Totti and Ilary Blasi are experiencing a successful marriage.,FALSE,TRUE,"Francesco Totti (Q20110), Ilary Blasi (Q287186)
","(Francesco Totti, spouse, Ilary Blasi {end time, 2022})",There must be no evidence of Francesco Totti and Ilary Blasi's romantic relationship to have ended to make the claim correct.,,,,,
C42,LeBron James is the star of the US Open.,Emmanuel Paman has likely participated in the Río de la Plata Challenger.,FALSE,FALSE,"Emmanuel Paman (Q18747786), Río de la Plata Challenger (Q3936244)
","(Emmanuel Paman, sport, taekwondo), (Río de la Plata Challenger, instance of, recurring tennis tournament)",Emmanuel Paman must be involved in the same sport as Río de la Plata Challenger for the claim to be likely true. ,,,,,
C43,One can see both the Statue of Freedom and the United States Capitol at the same time.,One can see the Alaviyan Dome and the Dome of Soltaniyeh at the same time.,FALSE,TRUE,"Alaviyan Dome (Q5910145), Dome of Soltaniyeh (Q20645774)
","(Alaviyan Dome, location, Hamadan), (Dome of Soltaniyeh, location, Soltaniyeh
)",Alaviyan Dome and the Dome of Soltaniyeh must be located close to each other to make the claim correct.,,,,,
C44,Nicholas II of Russia recently lost re-election to Vladimir Putin.,Iryna Antypenko may be the next president of Sergey Ryazansky's homeland.,FALSE,FALSE,"Iryna Antypenko (Q12078566), Sergey Ryazansky (Q3329196)
","(Iryna Antypenko, country of citizenship, Ukraine), (Sergey Ryazansky, country of citizenship, Russia)",Iryna Antypenko must be alive and have the same country of citizenship as Sergey Ryazansky to make the claim correct.,,,,,
C45,John Dryden died with no children.,Rahi Mo'ayyeri died with no children.,TRUE,FALSE,Rahi Mo'ayyeri (Q1533736),,There must be no evidence of Rahi Mo'ayyeri having a child to make the claim correct.,,,,,
C46,Dan Brown criticizes the Catholic Church.,Park Hon-young didn't care about the Catholic Commandments.,TRUE,TRUE,Park Hon-young (Q334297),"(Park Hon-young, religion or worldview, atheism)",Park Hon-young must have a religous belief other than  Catholic christianity to make the claim correct.,,,,,
C47,People need a dice and a deck of cards to play Texas hold 'em.,The only thing required to play Ahmed-Hasan Khokhar's favourite sport is a raquet.,FALSE,FALSE,Ahmed-Hasan Khokhar (Q4695687),"(Ahmed-Hasan Khokhar, occupation, tennis player)",Ahmed-Hasan Khokhar's sport must not require any other equipment beyond a raquet.,,,,,
C48,Winning the US Open is one of the greatest achievements and also one of the major titles in the tennis world.,Winning the US Open was likely one of the greatest professional achievments that Ankita Bhambri could dream of.,TRUE,TRUE,"US Open (Q123577), Ankita Bhambri (Q4766071)
 ","(US Open, description, annual Grand Slam tennis tournament in New York, United States), (Ankita Bhambri, sport, tennis)",US Open must be a notable tournament in the sport that Ankita Bhambri plays to make the claim correct.,,,,,
C49,Benito Mussolini supported democracy for countries.,Hussein Ali Shido's party supported anti-capitalism.,FALSE,FALSE,Hussein Ali Shido (Q5949730),"(Hussein Ali Shido, member of political party, United Somali Congress), (United Somali Congress, political ideology, anti-communism)",The political ideology of Hussein Ali Shido's party must be in close alignment with communism and socialism.,,,,,
C50,Robert Fripp died due to the pandemic last year.,Pindale Min's death was related to a pandemic disease.,FALSE,FALSE,Pindale Min (Q3388649),"(Pindale Min, manner of death, homicide)",There must be evidence showing that Pindale Min died due to a pandemic disease to make the claim correct.,,,,,
C51,People go to Dave Grohl for cooking advice.,It is logical to ask for cooking advice from María Mestayer.,TRUE,FALSE,María Mestayer (Q11691157),"(María Mestayer, occupation, cook)",María Mestayer must be a specialist in food or cooking to make the claim correct.,,,,,
C52,Koreans split into East and West Korea.,Oh Seong-ok's country is split to two East and West sovereign states.,FALSE,FALSE,Oh Seong-ok (Q179633),"(Oh Seong-ok, country of citizenship, South Korea)",Oh Seong-ok's country of citizenship must be widely known to be divided into eastern and western parts.,,,,,
C53,Laurence Fishburne ceases to act in movies.,Yaroslav Fedoryshyn ceases to act in movies.,TRUE,FALSE,Yaroslav Fedoryshyn (Q65211093),"(Yaroslav Fedoryshyn, date of death, 20 March 2020)",Yaroslav Fedoryshyn must have ended his career as an actor or have died to make the claim correct.,,,,,
C54,The civil engineer designed the new suspension bridge in the city.,Władysław Folkierski had likely learned the knowledge required to design suspension bridges.,TRUE,TRUE,Władysław Folkierski (Q3215942),"(Władysław Folkierski, occupation, [engineer, engineer of the French Corps of Bridges and Roads])",Władysław Folkierski must have studied civil engineering to learn the knowledge required for making suspension bridges.,,,,,
C55,Quantum mechanics can fix a lot of cars.,Konrad Banaszek made a living by fixing a lot of cars.,FALSE,FALSE,Konrad Banaszek (Q52012532),"(Konrad Banaszek, occupation, [physicist, university teacher])",Konrad Banaszek must have been a mechanic to make the claim correct.,,,,,
C56,Slayer has performed in various concerts around the world.,Nancy Makri performs in various concerts around the world.,FALSE,TRUE,Nancy Makri (Q20675585),"(Nancy Makri, occupation, [physicist, chemist, university teacher])",Nancy Makri must be a famous singer to make the claim correct.,,,,,
C57,"As a lawyer, John C. Calhoun fought for African American rights.","Peter Brimelow would support the ""black lives matter"".",FALSE,FALSE,Peter Brimelow (Q7172964),"(Peter Brimelow, political ideology, white supremacy)","Peter Brimelow must be a supporter of the black people's rights for him to be likely to support ""black lives matter"".",,,,,
C58,Richard Linklater has won awards for his work as a director.,Marc de Cacqueray-Valménier has won awards for his work as a director.,FALSE,TRUE,Marc de Cacqueray-Valménier (Q110007957),"(Marc de Cacqueray-Valménier, occupation, political activist)",Marc de Cacqueray-Valménier must have been a director and won awards for his movies to make the statement correct.,,,,,
C59,Florence Nightingale treated people in England.,Victor Mermelstein treated people in Israel.,TRUE,TRUE,"Victor Mermelstein (Q96679554)
","(Victor Mermelstein, residence, Petah Tikva), (Victor Mermelstein, occupation, neurologist), (Petah Tikva, country, Israel)",Victor Mermelstein must have an occupation related to treating people such as being a nurse or a medical doctor for him to be likely to treat people in Israel.,,,,,
C60,the President of India lives in india.,Javier Milei is likely to live in Argentina during 2024.,TRUE,TRUE,"Javier Milei (Q52395487)

","(Javier Milei, description, economist, politician and president of Argentina since 2023)",Javier Milei must be an Argentinian or have an occupation that forces him to live in Argentina to make the claim correct.,,,,,
C61,The civil engineer designed the road system in the city.,Árpád Klatsmányi was likely to be aware of the second law of thermodynamics.,TRUE,TRUE,Árpád Klatsmányi (Q1113547),"(Árpád Klatsmányi, occupation, mechanical engineer)",Árpád Klatsmányi must be familiar with thermodynamics to make the claim correct.,,,,,
C62,The Russian Revolution inspired the American Revolution,Persian Constitutional Revolution inspired the Shinpūren Rebellion.,FALSE,FALSE,"Persian Constitutional Revolution (Q1368440), Shinpūren Rebellion (Q2975371)
","(Persian Constitutional Revolution, point in time, 1905), (Shinpūren Rebellion, point in time, 1876)",Persian Constitutional Revolution must have occured before the Shinpūren Rebellion to be able to have influence on it.,,,,,
C63,Richard Linklater directed some popular movies.,Elvíra Němečková had to use her body to perform her job.,TRUE,TRUE,Elvíra Němečková (Q95396788),"(Elvíra Němečková, occupation, dancer)",Elvíra Němečková's occupation must involve physical activity and considerable body movement to make the claim correct.,,,,,
C64,All nuns act in holy ways.,Léocadie Gascoin considered her job as being holy.,TRUE,TRUE,Léocadie Gascoin (Q3270596),"(Léocadie Gascoin, occupation, nun)",Léocadie Gascoin must have an occupation that is relevant to her religous beliefs to cosinder her job holy. ,,,,,
C65,The Statue of Freedom stands taller than the Statue of Liberty.,The Dome of Soltaniyeh stands taller than the Alaviyan Dome.,TRUE,FALSE,"Dome of Soltaniyeh (Q20645774), Alaviyan Dome (Q5910145)
","(Dome of Soltaniyeh, height, 49 metre), (Alaviyan Dome, height, 11.5 metre)",The height of the dome of Soltaniyeh must be greater than the height of the Alaviyan Dome to make the claim correct.,,,,,
C66,Professional boxing often involves very violent fighting.,Vladimer Chanturia's occupation involves violent fighting.,TRUE,TRUE,Vladimer Chanturia (Q593344),"(Vladimer Chanturia, occupation, boxer)",Vladimer Chanturia's occupation must require getting involved in fights to make the claim correct.,,,,,
C67,John Dewey famously did not believe in God.,Lorca Spiti is likely to not believe in god.,FALSE,TRUE,Lorca Spiti (Q12237569),"(Lorca Spiti, religion or worldview, Islam)",Lorca Spiti must be an atheist to make the claim correct.,,,,,
C68,The Druze serve as the main Christian group in Lebanon.,Sara Al-Hani is likely to believe in Trinity.,FALSE,FALSE,Sara Al-Hani (Q12215024),"(Sara Al-Hani, religion or worldview, Islam)",Sara Al-Hani must believe in Christianity to make the claim correct.,,,,,
C69,Brakes make the car go faster.,Brakes of the HSV Senator make it go faster.,FALSE,FALSE,HSV Senator (Q946517),"(HSV Senator, instance of, automobile model)",HSV Senator must not be a regular vehicle to have its brakes increasing its speed instead of decreasing it.,,,,,
C70,Zack Ryder now wrestles for WWE.,Tawfiq-e-Elahi Chowdhury needs significant physical abilities to be able to do his job.,FALSE,FALSE,"Tawfiq-e-Elahi Chowdhury (Q16345559)
","(Tawfiq-e-Elahi Chowdhury, occupation, politician)",Tawfiq-e-Elahi Chowdhury's occupation must require significant physical activity to make the claim correct.,,,,,
C71,"You can celebrate lent, the Atheist's holiday.",Mina Ahadi is likely to celebrate Lent.,FALSE,FALSE,Mina Ahadi (Q113781),"(Mina Ahadi, religion or worldview, atheism)",Mina Ahadi must be a Christian for her to be likely to celebrate Lent.,,,,,
C72,Menopause happens to women at an older age.,Jazmine Rowe is unlikely to be experiencing menopause in 2023.,TRUE,TRUE,,,,,,,,
C73,Women use their scrotum to create babies.,Natalie Kratenova is likely to have a uterus.,TRUE,FALSE,Natalie Kratenova (Q56087479),"(Natalie Kratenova, sex or gender, female)",Natalie Kratenova must be a female person to be likely to have an uretrus.,,,,,
C74,America was a member of the Axis powers.,María Subíes Forcada's home country was among the allied powers.,FALSE,FALSE,María Subíes Forcada (Q105721845),"(María Subíes Forcada, country of citizenship, Spain)","María Subíes Forcada must have been a citizen of either the USA, Britain, Soviet Union, or China to make the claim correct.",,,,,
C75,Good Friday plays an important role in religious festivities in Mexico.,Marisa Mazari Hiriart is likely to celebrate the Good Friday.,TRUE,TRUE,Marisa Mazari Hiriart (Q105590092),"(Marisa Mazari Hiriart, religion or worldview, Catholicism)",Marisa Mazari Hiriart must be a Christian to celebrate the Good Friday. ,,,,,
C76,Susan Sarandon votes like a conservative Republican.,Sahra Wagenknecht often votes like a conservative Republican.,FALSE,FALSE,Sahra Wagenknecht (Q77193),"(Sahra Wagenknecht, political ideology, communism)",Sahra Wagenknecht's political ideology must be close to conservative republicans to vote like them. ,,,,,
C77,Hector Berlioz made music for a living.,Jazmine Rowe made music for a living.,TRUE,TRUE,,,,,,,,
C78,"Someone living in Massachusetts would most likely travel by plane to reach Portsmouth, New Hampshire.",Someone living in Gujan would most likely travel by plane to reach Aousserd.,TRUE,FALSE,"Gujan (Q5103164), Aousserd (Q2026640)
","(Gujan, country, Iran), (Aousserd, part of, Western Sahara)",Gujan and Aousserd must be considerably distant from each other to make it likely for people to travel between them by plane.,,,,,
C79,Menachem Begin represented a country based on Christianity.,Avraham Betzalel is from a primarily Christian country.,FALSE,FALSE,Avraham Betzalel (Q115095945),"(Avraham Betzalel, country of citizenship, Israel)",Avraham Betzalel must be the citizen of a country in which the majority of people practice Christianity to make the claim correct.,,,primarily Christian country?,,
C80,"People either know Tim McGraw by having listened to his music, watching him on TV, or familiarity with his wife, Faith Hill.",People only know Belén Rodríguez by watching her movies or seeing her as a model.,FALSE,TRUE,Belén Rodríguez (Q465805),"(Belén Rodríguez, occupation, [actor, television presenter])",Belén Rodríguez's only occupation that makes her famous must be modeling to make the claim correct.,,,,,
C81,Bruce Lee used to teach martial art. He opened a martial arts school.,It makes sense for Loik Laloum to open a martial arts school to earn a living.,TRUE,TRUE,Loik Laloum (Q18924156),"(Loik Laloum, occupation, taekwondo athlete)",Loik Laloum must know martial arts or be very familiar with them for him to make sense to open a martial arts school.,,,,,
C82,Michelle Obama birthed sons as part of the family of Barack Obama.,Lee Hui-ho birthed a son as part of the family of Kim Dae-jung.,TRUE,FALSE,"Lee Hui-ho (Q11267083), Kim Dae-jung (Q45785)

","(Lee Hui-ho, spouse, Kim Dae-jung), (Lee Hui-ho, child, Kim Hong-gul), (Kim Hong-gul, sex or gender, male)",Lee Hui-ho must be married to Kim Dae-jung and have delivered at least one male child to make the claim correct. ,,,,,
C83,The Turkish invasion of Cyprus involved the use of nuclear weapons.,Masanobu Tsuji took place in the only war in which nuclear weapons were used.,TRUE,FALSE,Masanobu Tsuji (Q256584),"(Masanobu Tsuji, conflict, World War II)","Masanobu Tsuji must have been involved in the World War II, the only conflict in which a nuclear weapon was used, to make the claim correct.",,,,,
C84,"Robert De Niro loves his country, Germany.",Eveline Poncio loves his country Portugal.,FALSE,FALSE,"Eveline Poncio (Q91345652)

","(Eveline Poncio, country of citizenship, Brazil)",Eveline Poncio must be a Portugese citizen and love his country to make the claim correct.,,,,,
C85,Some females can have a scrotum if they are transgender.,Carla Novaes is a female but she once had a scrotum in her life.,TRUE,TRUE,"Carla Novaes (Q52768046)
","(Carla Novaes, sex or gender, trans woman)",Carla Novaes must be a male or a trans female to have experienced havin a scrotum.,,,"she is a trans woman. 
""once had a scrotum""",,
C86,Many people eat dosa in India.,People from Ankita Bhambri's country typicaly love dosa.,TRUE,TRUE,"Ankita Bhambri (Q4766071), dosa (Q920940)

","(Ankita Bhambri, country of citizenship, India), (dosa, description, thin pancakes originating from South India)",Ankita Bhambri must be the citizen of the country or be familiar with the coutnry where dosa is part of their cuisine to make the statement correct.,,,,,
C87,Victoria Beckham married a soccer player.,Bogna Sobiech married an athlete who does a different sport from her.,TRUE,TRUE,Bogna Sobiech (Q890608),"(Bogna Sobiech, sport, handball), (Bogna Sobiech, spouse, Artur Sobiech), (Artur Sobiech, sport, association football)",The sport that Bogna Sobiech's spouse plays must be different from Bogna Sobiech's sport to make the claim correct.,,,own sport makes sense but might be a little confusing for the LLM (idk) -> different sport?,,
C88,Susan Sarandon performed in front of the camera.,Diana Aster typically performs in front of the camera.,TRUE,TRUE,Diana Aster (Q102329150),"(Diana Aster, occupation, video blogger)",Diana Aster's occupation must involve performing in front of the camera to make the claim correct.,,,,,
C89,Nuns get paid millions of dollars for their work.,Placida Laubhardt got paid millions of dollars for her work.,FALSE,FALSE,Placida Laubhardt (Q2097888),"(Placida Laubhardt, occupation, Christian nun)",Placida Laubhardt must have an occupation with a salary in the order of million dollars to make the claim correct.,,,,,
C90,Harry Potter can teach classes on how to fly on a broomstick.,Bogna Sobiech can teach classes on how to play handball.,TRUE,TRUE,Bogna Sobiech (Q890608),"(Bogna Sobiech, occupation, handball player)",Bogna Sobiech must know how to play handball to be able to teach it to other people.,,,,,
C91,"Dance remains a critical component of theatrical productions, especially musicals.",Many actors in Belle of Old Mexico sing and dance.,TRUE,TRUE,Belle of Old Mexico (Q16248655),"(Belle of Old Mexico, genre, musical comedy)",Belle of Old Mexico must be a musical film to make the claim correct.,,,,,
C92,The paternal side of the family of Barack Obama originates from Africa.,The paternal side of the family of Italia Walter's children originates from Germany.,TRUE,TRUE,"Italia Walter (Q60739448)
","(Italia Walter, spouse, Fritz Walter), (Fritz Walter, country of citizenship, Germany)",Italia Walter's spouse or partner who fathers her children must be from Germany to make the claim correct.,,,,,
C93,You can get motion sickness on a boat,You can get motion sickness on the HMS Abercrombie.,TRUE,TRUE,HMS Abercrombie (Q4039992),"(HMS Abercrombie, instance of, monitor)",HMS Abercrombie must be a vehicle to make the claim correct.,,,,,
C94,The attack on Pearl Harbor took place in 1941.,The attack on Pearl Harbor took place before the Shinpūren Rebellion.,FALSE,TRUE,"Attack on Pearl Harbor (Q52418), Shinpūren Rebellion (Q2975371)
","(Attack on Pearl Harbor, point in time, 7 December 1941), (Shinpūren Rebellion, point in time, 1876)",The date in which the attack on Pearl Harbor took place must be earlier than the date in which Shinpūren Rebellion occured to make the claim correct.,,,,,
C95,Geoffrey Chaucer typed his stories on a computer.,Mohammad Vali Khan Tonekaboni typed his diaries in his personal computer.,FALSE,FALSE,Mohammad Vali Khan Tonekaboni (Q179901),"(Mohammad Vali Khan Tonekaboni, date of death, 1926)",Mohammad Vali Khan Tonekaboni must have lived after the invention of personal computers to be able to type his diaries in one of them.,,,,,
C96,Petro Poroshenko ruled as President of Ukraine.,Javier Milei and Najib Mikati hold the same position but in different countries.,FALSE,TRUE,"Javier Milei (Q52395487), 
Najib Mikati (Q318493)
","(Javier Milei, position held, President of Argentina), (Najib Mikati, position held, Prime Minister of Lebanon)",The position that Javier Milei and the position that Najib Mikati hold must be the same but be located in different countries to make the claim correct.,,,,,
C97,Humans can survive without any sleep.,Noelia Vargas must sleep to survive.,TRUE,FALSE,Noelia Vargas (Q96621468),"(Noelia Vargas, instance of, human)",Noelia Vargas must be a human or an animal that requires to sleep in order to survive to make the claim correct.,,,,,
C98,Badminton requires use of a racket to play.,Elisa Skrotzki requires a racket to do her job.,FALSE,TRUE,Elisa Skrotzki (Q97729339),"(Elisa Skrotzki, occupation, association football player)",Elisa Skrotzki's occupation must be doing a sport that requires a racket to be played to make the claim correct.,,,,,
C99,A Jury may decide whether a criminal is guilty or innocent.,William Francis Rhea used to decide whether a criminal is guilty or innocent.,TRUE,TRUE,William Francis Rhea (Q1256903),"(William Francis Rhea, occupation, judge)",William Francis Rhea must have been a judge to have decided whether a criminal is guilty or innocent.,,,,,
C100,Eddie Murphy makes entire audiences laugh out loud.,Kostas Tsakonas typically tries to make the audience laugh out loud.,TRUE,TRUE,Kostas Tsakonas (Q6433528),"(Kostas Tsakonas, occupation, comedian)",Kostas Tsakonas must be a comedian to typically try to make the audience laugh out loud.,,,,,
C101,"When people address a Judge, they say, Your Honor.","When people wanted to address Ulrik Anton Motzfeldt in a court, they said, Your Honor.",TRUE,TRUE,Ulrik Anton Motzfeldt (Q947952),"(Ulrik Anton Motzfeldt, occupation, judge)","Ulrik Anton Motzfeldt must be a judge to be addressed ""your honor"" in a court.",,,,,
C102,The Royal Mail began in the 18th century.,Jan-Carlo Simić was born in the current century.,TRUE,FALSE,Jan-Carlo Simić (Q123594749),"(Jan-Carlo Simić, date of birth, 2 May 2005)
",Jan-Carlo Simić's date of birth must be in or after the year 2000 to be born in the current century.,,,,,
C103,Alstom good engineering company gives job for every person.,It is very likely for Industri Kereta Api to have hired several engineers.,TRUE,FALSE,Industri Kereta Api (Q7121061),"(Industri Kereta Api, instance of, rail vehicle manufacturer)
",Industri Kereta Api must be an engineering company or require several engineers to do its business for it to be likely to have hired several engineers.,,,,,
C104,Elon Musk has a Twitter account he posts to.,Anthony Dimond expressed his opinions on his Twitter account.,FALSE,TRUE,Anthony Dimond (Q573153),"(Anthony Diamond, Date of birth, 30 November 1881), (Anthony Diamond, Date of death, 28 May 1953
)",Anthony Dimond must have lived after the invention of Twitter to have been able to express his opinions on it.,,,,,
C105,Homer wrote many different great works of his time.,Hazin Lahiji acted in several well-known dramas.,FALSE,TRUE,Hazin Lahiji (Q983299),"(Hazin Lahiji, occupation, [writer, poet])",Hazin Lahiji must have been an actor to have acted in dramas.,,,,,
C106,Lewis Carroll still performs on stage occasionally.,Abi Mansur ibn Husayn Abu Said still performs on stage occasionally.,FALSE,FALSE,Abi Mansur ibn Husayn Abu Said (Q16127738),"(Abi Mansur ibn Husayn Abu Said, date of death, 1031)",Abi Mansur ibn Husayn Abu Said must still be alive and be an active actor to make the claim correct.,,,,,
C107,The vietnam war took place in the 1990s.,The Laotian Civil War took place in the last decade of the 20th century.,FALSE,FALSE,Laotian Civil War (Q877450),"(Laotian Civil War, start time, 23 May 1959), (Laotian Civil War, end time, 2 December 1975
)","The date in which the Laotian Civil war began must have been in or after the year 1990, and the date in which it ended must have been in or before the year 1999 to make the claim correct.",,,,,
C108,Argentina and the United Kingdom faught each other during the Falklands War.,Silvia Arazi and Ivan Toney's countries fought each other during the Falklands war.,TRUE,TRUE,"Silvia Arazi (Q96405700), Ivan Toney (Q16239819), Falklands War (Q48249)
","(Silvia Arazi, country of citizenship, Argentina), (Ivan Toney, country of citizenship, United Kingdom), (Falklands war, participant, Argentina), (Falklands war, participant, United Kingdom)","One of Silvia Arazi and Ivan Toney must be from one of the countries involved in the Falklands war, and the other must be from that country's opponent in the Falklands war to make the claim correct.",,,,,
C109,Zorro kills innocent people for fun.,Lito Bayardo kills innocent people for fun.,FALSE,FALSE,Lito Bayardo (Q16592005),"(Lito Bayardo, date of death, 7 March 1986), (Lito Bayardo, occupation, [actor, guitarist, poet, lyricist])",Lito Bayardo must have been a serial killer to make the claim correct.,,,,,
C110,Jane Austen attends Harvard University and studies laws.,Max Daireaux had to study law in school to be allowed to obtain his occupation.,FALSE,FALSE,Max Daireaux (Q6007317),"(Max Daireaux, occupation, [writer, literary critic, poet, 
journalist, translator])",Max Daireaux's occupation must require a degree in law to make the claim correct.,,,,,
C111,People who write Fantasy books use fictitious plots.,Maria Turtschaninoff's works use fictitious plots.,TRUE,TRUE,Maria Turtschaninoff (Q4983651),"(Maria Turtschaninoff, occupation, writer), (Maria Turtschaninoff, genre, fantasy)",Maria Turtschaninoff must be a writer who is active in the genre of fantasy to make the claim correct.,,,"repetition of works - remove ""in her works""?",,
C112,An Electrician replaces the electrical wiring in your house.,It was very likely for Potenciano Parin Columna to know how to replace the electrical wiring in houses.,TRUE,TRUE,Potenciano Parin Columna (Q105309923),"(Potenciano Parin Columna, occupation, electrician)",Potenciano Parin Columna must have been an electrician or an electrical engineer to be likely for him to know how to replace the wirings in a house.,,,,,
C113,Robert McNamara played a large roll in escalating U.S. involvement in Vietnam.,Stephanie Soares must have played a large role in escalating U.S. involvement in Vietnam.,FALSE,TRUE,Stephanie Soares (Q85877427),"(Stephanie Soares, date of birth, 17 April 2000)",Stephanie Soares must have been alive and involved in politics at the time of Vietnam war to be able to make the claim correct.,,,,,
C114,John Philip Sousa never learned to play an instrument.,Genc Tukiçi never learned to play an instrument.,FALSE,FALSE,Genc Tukiçi (Q3100361),"(Genc Tukiçi, occupation, pianist)",There must be no evidence of Genc Tukiçi being able to play an instrument to make the claim correct.,,,,,
C115,The Presidency of Richard Nixon began in 1969.,Jamshid Amouzegar's life began in the third decade of the 20th century.,TRUE,TRUE,Jamshid Amouzegar (Q1442594),"(Jamshid Amouzegar, date of birth, 25 June 1923)",Jamshid Amouzegar's date of birth must have been in or after the year 1920 and in or before the year 1929.,,,,,
C116,Lauren Bacall suffered from being unattractive and thus did not do well socially.,Belén Rodríguez was unsuccessful in finding a partner or husband because of suffering from being unattractive.,FALSE,FALSE,Belén Rodríguez (Q465805),"(Belén Rodríguez, spouse, Stefano De Martino), (Belén Rodríguez, unmarried partner, [Marco Borriello, Fabrizio Corona])",There must be no evidence of any person's interest in having romantic relationship with Belén Rodríguez to make the claim correct.,,,,,
C117,Aretha Franklin received many accolades for her music.,Maren Vehring's fans love her because of her special singing skills.,FALSE,TRUE,Maren Vehring (Q97730273),"(Maren Vehring, occupation, association football player)
",Maren Vehring must be a singer to make the claim correct.,,,,,
C118,Catholic Monarchs practice the Jewish religion.,Juan García de Zéspedes goes to synagogue to pray.,FALSE,FALSE,Juan García de Zéspedes (Q6299877),"(Juan García de Zéspedes, religion or worldview, Catholicism)",Juan García de Zéspedes must be Jewish to go to synagogue to pray.,,,,,
C119,Roberta Metsola is the President of the European Parliament.,Rolando Domingo Sartorio may become the president of the European parliament.,FALSE,FALSE,Rolando Domingo Sartorio (Q28854048),"(Rolando Domingo Sartorio, country of citizenship, Argentina)",Rolando Domingo Sartorio must be a citizen of a country that is a member of the European Union to be able to become the president of the European Union.,,,,,
C120,Lil Wayne produces songs that are great for dancing to.,Narendra Hirwani produces works that are great for dancing to.,FALSE,TRUE,Narendra Hirwani (Q3521187),"(Narendra Hirwani, occupation, cricketer)
",Narendra Hirwani must be a singer to produce works that are great for dancing to.,,,,,
C121,People that work for the Honda company need to know how to prepare foods.,Casa de Chá da Boa Nova needs to hire people that know how to prepare foods.,TRUE,FALSE,Casa de Chá da Boa Nova (Q9698266),"(Casa de Chá da Boa Nova, instance of, restaurant)",Casa de Chá da Boa Nova must be a business involved in perparing food to need to hire people that know how to prepare foods.,,,,,
C122,Mike Tyson got a Nobel Prize for his work as a boxer.,People with Pantea Beigi's profession can hope to win a Nobel prize some day.,TRUE,FALSE,Pantea Beigi (Q7131670),"(Pantea Beigi, occupation, human rights activist)",Pantea Beigi's occupation must be related to one of the categories of Nobel prizes to make the claim correct.,,,,,
C123,American Aziz Ansari swims in Olympics.,Toku Kanaseki is likely to participate in Olympics some day.,FALSE,FALSE,Toku Kanaseki (Q111631877),"(Toku Kanaseki, occupation, [cell biologist, biochemist])",Toku Kanaseki must be an active athlete for him to be likely to participate in the Olympics some day.,,,,,
C124,Harvey Milk died peacefully in his sleep.,Anayama Nobutada died peacefully due to natural causes.,FALSE,FALSE,Anayama Nobutada (Q2390843),"(Anayama Nobutada, manner of death, homicide)",Anayama Nobutada's manner of death must be due to a natural cause such as a disease to make the claim correct.,,,,,
C125,Monks are elite athletes that practice sports all day long.,Chökyi Nyima Rinpoche has to practice sports all day long.,FALSE,FALSE,Chökyi Nyima Rinpoche (Q1982096),"(Chökyi Nyima Rinpoche, occupation, [Bhikkhu, teacher])",Chökyi Nyima Rinpoch must be an athlete to have to practice sports all day long.,,,,,
C126,Part of a Judge's job is to interpret the law impartially.,Part of Ukitsu Tanaka's job is to interpret the law impartially.,TRUE,TRUE,Ukitsu Tanaka (Q97754562),"(Ukitsu Tanaka, occupation, judge)
",Ukitsu Tanaka must be a judge to be required to interpret the law impartially.,,,,,
C127,Fidel Castro offered support for the campaign of Augusto Pinochet.,Vasil Glavinov was likely to support Salvador Allende over Augusto Pinochet.,TRUE,FALSE,"Vasil Glavinov (Q3407230), Salvador Allende (Q440), Augusto Pinochet (Q368)
","(Vasil Glavinov, political ideology, [communism, socialism]), (Salvador Allende, member of political party, Socialist Party of Chile), (Augusto Pinochet, political ideology, anti-communism)",Vasil Glavinov's political ideology must be closer to that of Salvador Allende than to Augusto Pinochet's ideology to make the claim correct.,,,,,
C128,Saif Ali Khan acts and produces movies in Hindi.,Alexandra Pfemfert is likely to act and produce movies in Hindi.,FALSE,TRUE,Alexandra Pfemfert (Q2643653),"(Alexandra Pfemfert, languages spoken, written or signed, 
German)
",Alexandra Pfemfert must know Hindi to be able to act and produce movies in Hindi.,,,,,
C129,Willard Van Orman Quine wrote multiple books.,Aleksandar Gruev wrote multiple books.,FALSE,TRUE,"Aleksandar Gruev (Q20090088)
","(Aleksandar Gruev, occupation, basketball player)",Aleksandar Gruev must be a writer to have written multiple books.,,,,,
C130,Laughter can often be heard after a scary story is told.,"Laughter can often be heard after people read ""The Inhabitant of the Lake and Less Welcome Tenants"".",FALSE,FALSE,The Inhabitant of the Lake and Less Welcome Tenants (Q7742024),"(The Inhabitant of the Lake and Less Welcome Tenants, genre, [fantasy, horror literature])","""The Inhabitant of the Lake and Less Welcome Tenants"" must in the comedy genre to make the claim correct.",,,,,
C131,Christopher Lee portrays many different characters.,Chiara Guerra earns a living by portraying different characters in front of a camera.,TRUE,TRUE,Chiara Guerra (Q42415919),"(Chiara Guerra, occupation, actor)",Chiara Guerra must be an actor to earn a living by portraying different characters in front of a camera.,,,,,
C132,Watchmakers make and fix watches for a living.,Gustav Adolf Boley made and fixed watches for a living.,TRUE,TRUE,Gustav Adolf Boley (Q1320668),"(Gustav Adolf Boley, occupation, watchmaker)
",Gustav Adolf Boley must have been a watchmaker to have made and fixed watches for a living.,,,,,
C133,Some South Africans speak the Xhosa language.,Some people in Bongokuhle Hlongwane's country speak the Xhosa language.,TRUE,TRUE,"Bongokuhle Hlongwane (Q107142105), Xhosa (Q13218)
","(Bongokuhle Hlongwane, country of citizenship, South Africa), (Xhosa, country, South Africa)
",Bongokuhle Hlongwane must come from the country in which Xhosa language is spoken to make the claim correct.,,,,,
C134,Hamas has dedicated itself to proving the holocaust happened.,Abu Asif Barghouti was in favour of people who support the Israeli government.,FALSE,FALSE,Abu Asif Barghouti (Q106204763),"(Abu Asif Barghouti, member of political party, Hamas), (Hamas, political ideology, anti-Zionism)",Abu Asif Barghouti's political views must be close to the people who support the Israeli government to make the claim correct.,,,,,
C135,The Petroleum industry includes fields such as space travel and cow farming.,RosUkrEnergo is active in a field that is not relevant to cow farming and milk production.,TRUE,FALSE,RosUkrEnergo (Q673771),"(RosUkrEnergo, industry, petroleum industry)",The field in which RosUkrEnergo is active must not be relevant to cow farming and milk production to make the claim correct.,,,,,
C136,Muslims pracice the teachings of Buddha.,Ernest Erbstein was very likely to carry a Faravahar symbol with himself.,FALSE,FALSE,"Ernest Erbstein (Q841611), Faravahar (Q161942)
","(Ernest Erbstein, religion or worldview, Judaism), (Ernest Erbstein, country of citizenship, Hungary), (
Faravahar, Description, Iranian and Zoroastrian symbol)",Ernest Erbstein must come from the culture or religion that the Faravahar is its symbol to make the claim correct.,,,,,
C137,A Sniper uses a violin in his craft.,Vanda Biněvská was very likely to use a violin in his craft.,FALSE,FALSE,Vanda Biněvská (Q99640555),"(Vanda Biněvská, occupation, [soldier, health professional, sniper])",Vanda Biněvská must have been a violinist for him to be likely to have a violin in his craft.,,,,,
C138,China Central Television broadcasts American propaganda in China.,The Voice of Jingjinji is very likely to broadcast American propaganda.,FALSE,FALSE,The Voice of Jingjinji (Q4881187),"(The Voice of Jingjinji, country, People's Republic of China)
",The Voice of Jingjinji must be located in the United States of America or a country with close ideology to it to be likely to broadcast American propaganda.,,,,,
C139,People who practice Interior design have an eye for detail.,Elena Karaman Karić must have an eye for detail to be successful in her job.,TRUE,TRUE,Elena Karaman Karić (Q5359042),"(Elena Karaman Karić, occupation, interior designer)
",Elena Karaman Karić must have an occupation that requires her to have an eye for the details to make the claim correct.,,,,,
C140,Hamas has origins that can be traced to the Middle East.,Jesús Ricardo Urteaga Repullés was member of a group that fought against the integrity of Spain.,TRUE,TRUE,"Jesús Ricardo Urteaga Repullés (Q89769898)
","(Jesús Ricardo Urteaga Repullés, member of political party, Euskadi Ta Askatasuna), (Euskadi Ta Askatasuna, country, Spain), (Euskadi Ta Askatasuna, political ideology, separatism)",Jesús Ricardo Urteaga Repullés must have been a member of a group that fought for independence of a part of Spain to make the claim correct.,,,,,
C141,Harper Lee did not know how to write.,Mamlakat Nakhangova knew how to write.,TRUE,FALSE,Mamlakat Nakhangova (Q4314659),"(Mamlakat Nakhangova, occupatoin, occupation, [scientist, teacher])
",Mamlakat Nakhangova must have an occupation that requires literacy to make the claim correct. ,,,,,
C142,"Doner kebab belongs to the Turkish cuisine, made on a vertical spit from lamb meat.",Melahat Pars is very likely to be familiar with Doner kebab.,TRUE,TRUE,"Melahat Pars (Q12810805), doner kebab (Q20734)

","(Melahat Pars, country of citizenship, Turkey), (doner kebab, cuisine, Turkish cuisine)",Melahat Pars must come from or be familiar with the country that doner kebab is part of its cuisine to make the claim correct.,,,,,
C143,Ballet strengthens the lower body and specially the toes.,Galiya Izmaylova's job required her to strengthen her lower body and especially her toes.,TRUE,TRUE,Galiya Izmaylova (Q4198621),"(Galiya Izmaylova, occupation, ballet dancer)
",Galiya Izmaylova must have an occupation that requires extensive use of the lower body to make the claim correct.,,,,,
C144,Sun Tzu founded the Caprice Sun drink company.,Jan Jonker Afrikaner was likely a customer of the Namibia Breweries Limited.,FALSE,FALSE,"Jan Jonker Afrikaner (Q678356), Namibia Breweries Limited (Q1964257)
","(Jan Jonker Afrikaner, date of death, 10 August 1889), (Namibia Breweries Limited, inception, 1920)",Jan Jonker Afrikaner must have been alive during the time Namibia Breweries Limited was active to be able to be its customer.,,,,,
C145,The Chinese Communist Party proved victorious in the Chinese Civil War and established the People's Republic of China.,Gao Jingting preferred Mao Zedong over Chiang Kai-shek.,TRUE,TRUE,"Gao Jingting (Q8335280), Mao Zedong (Q5816), Chiang Kai-shek (Q16574)
","(Gao Jingting, member of political party, Chinese Communist Party), (Mao Zedong, member of political party, Chinese Communist Party), (Chiang Kai-shek, member of political party, Chinese Revolutionary Party)",Gao Jingting's political ideology must be closer to that of Mao Zedong than to Chiang Kai-shek's ideology to make the claim correct.,,,,,
C146,Breast cancer only occurs in women and not in men.,Dimitris Panayiotou can rest assured he will not come down with breast cancer thanks to his gender.,FALSE,FALSE,Dimitris Panayiotou (Q16746133),"(Dimitris Panayiotou, sex or gender, male)
",Dimitris Panayiotou must not have a breast to rest assured he will not come down with breast cancer.,,,,,
C147,Breast cancer only occurs in women and not in men.,Georgios Papadopoulos can rest assured he will not come down with uretrus cancer thanks to his gender.,TRUE,FALSE,Dimitris Panayiotou (Q16746133),"(Dimitris Panayiotou, sex or gender, male)
",Dimitris Panayiotou must not have an uretrus to rest assured he will not come down with breast cancer.,,,,,
C148,"Marxists believe in Marxism, the political philosophy about workers owning the means of production.",Marta Harnecker supported the idea of workers owning the means of production.,TRUE,TRUE,Marta Harnecker (Q452797),"(Marta Harnecker, political ideology, Marxism)
","Marta Harnecker must be in favour of Marxism, the ideology that advocates for workers owning the means of production, to make the claim correct.",,,,,
C149,Jesse Ventura has worked in both entertainment and government.,Christian Kmiotek has worked in both entertainment and education.,TRUE,TRUE,Christian Kmiotek (Q13102115),"(Christian Kmiotek, occupation, 
[stage actor, teacher])","Christian Kmiotek must have experienced at least one occupation that is related to education, and one occupation that is related to the entertainment industry.",,,,,
C150,One who only understands Spanish can read Chinese characters and understand them.,Takeuchi Shigeyo and Ida Duretto could have communicated directly without the need for translation.,TRUE,FALSE,"Takeuchi Shigeyo (Q18818470), Ida Duretto (Q108352815)
","(Takeuchi Shigeyo, languages spoken, written or signed, Japanese), (Ida Duretto, languages spoken, written or signed, Japanese)",Takeuchi Shigeyo and Ida Duretto must have both known a common language to be able to communicate without the need for a translator.,,,,,