ID,StrategyQA Question,Modified Question,Answer,Answer Original Question,KG Entities (Labels and QIDs),KG Triples,Inference Rule,Reasoning Steps,#of Hops,Comments,,,,,
S1,Will the Albany in Georgia reach a hundred thousand occupants before the one in New York?,"If both places have equal population growth, is the population in Horsens going to reach 60000 before Ikast?",TRUE,FALSE,"Horsens (Q190235), Ikast (Q1021277)

","(Horsens, population, 59,449, point in time, 2020), (Ikast, population, 15,979, point in time, 2022)","Assuming equal population growth rates, the population of the city that has a greater population will reach 60,000 before the other city.",,,,,,,,
S2,"Was animal in You're a Good Sport, Charlie Brown, hypothetically a hound?",Is Yui Yuigahama's pet a corgi?,FALSE,FALSE,Yui Yuigahama (Q97644811),"(Yui Yuigahama, has pet, Sablé), (Sablé, animal breed, dachshund)",The breed of Yui Yagashima's pet must be identified as corgi for it to be a corgi.,,,- Wikidata: beagle is a hunting dog,,,,,
S3,Does Paulo Coelho's wife make a living through speech?,Does Leopold Lanner's wife make a living using her voice?,TRUE,TRUE,Leopold Lanner (Q27906395),"(Leopold Lanner, spouse, Stefanie Hertel), (Stefanie Hertel, occupation, singer)",Leopold Lanner's wife must have an occupation related to voice to be making a living form her voice.,,,,,,,,
S4,Could Carl Friedrich Gauss speak to someone 100 miles away?,Would it have been possible for Maria de Ventadorn to speak to someone 100 miles away?,FALSE,FALSE,"Maria de Ventadorn (Q5363)
","(Maria de Ventadorn, date of birth, 12. century), (Maria de Ventadorn, date of death, 1222)",Maria de Ventadom must have lived after the invention of telephone to be able to talk to 100 miles away.,,,alive before telephone invention,"nothing wrong with it, but the llm says: However, there is no information or indication in the facts provided that suggests Maria de Ventadorn had access to such technology.","rephrased the question. 
i got this axiom when i tried: IF Maria de Ventadorn had access to long-range communication technology such as a telephone or radio AND the person 100 miles away also had access to the same technology, THEN Maria de Ventadorn could speak to someone 100 miles away.",I guess the problem is with my answering prompt. Don't bother changing the query then. We should think of modifying the answering prompt I guess.,i rephrased the question now do u think it's clearer now?,"Yeah I like the new one more, but tbh the previous one was also correct :) I think the problem is "
S5,Was a woman Prime Minister directly before or after Stanley Baldwin?,Was the predecessor of Ulf Kristersson in the position of Prime Minister a woman?,TRUE,TRUE,Ulf Kristersson (Q1780398),"(Ulf Kristersson, position held, Prime Minister of Sweden, replaces, Magdalena Andersson), (Magdalena Andersson, sex or gender, female)",Ulf Kristersson's predecessor must be identified as a female to have been a woman.,,,Before Ulf Kristersson (2022-) was Magdalena Andersson,,,,,
S6,Would Bobby Jindal's high school mascot eat kibble?,Does the animal that is Miriam Rodon Naveira's university mascot eat kibble?,TRUE,TRUE,Miriam Rodon Naveira (Q6873408),"(Miriam Rodon Naveira, educated at, Georgetown University), (Georgetown University, mascot, Jack the Bulldog)",The mascot of Miriam Rodon Naveira's university must be an animal like a dog or cat for it to be likely to eat kibble.,,,,"the llm was able to figure out the mascot, but said since it is not a real animal, it wouldn't eat kibble. Can you think of a better phrasing?","i got this axiom when i tried: IF Miriam Rodon Naveira's university mascot is an animal OR Miriam Rodon Naveira's university mascot is a fictional character known for eating kibble, THEN Miriam Rodon Naveira's university mascot would eat kibble.",,Does the animal associated with Miriam Rodon Naveria's university mascot eat kibble?,This is awesome!
S7,Were there greater landslides than 1980 United States presidential election?,Was the 2012 United States presidential election a bigger landslide than the one in 2008?,FALSE,FALSE,"2012 United States presidential election (Q4226), 2008 United States presidential election (Q45578)
","(2008 United States presidential election, candidate, Barack Obama, votes received
69,498,516), (2008 United States presidential election, candidate, John McCain
, votes received, 59,948,323), (2012 United States presidential election, candidate, Barack Obama, votes received, 65,915,795), (2012 United States presidential election, candidate, Mitt Romney, votes received, 60,933,504)","If the difference between vote counts of the winner and the runner-up in 2012 United States presidential election is greater than that of 2008 United States presidential election, it was a greater landslide.",,,Obama won by ~10mil votes in 2008 but ~5mil votes in 2012,,,,,
S8,Will the producer of Easy Rider become an octogenarian in 2021?,Will the director of Kung Fu Panda 4 be a quadragenarian in 2024?,FALSE,FALSE,Kung Fu Panda 4 (Q114707487),"(Kung Fu Panda 4, director, Mike Mitchell), (Mike Mitchell, date of birth, 18 October 1970)
",The director of Kung Fu Panda 4 must be between 40 and 50 of age to be a quadragenarian.,,,Mike Mitchell is 53,,,,,
S9,Could you watch all of JAG in six months?,Can you watch all of l'auberge du chien noir in six months?,TRUE,TRUE,"L'auberge du chien noir (Q3202574)
","(L'auberge du chien noir, duration, 43 minute), (L'auberge du chien noir, number of episodes, 376)","If the total duration of all episodes of L'auberge du chien noir is smaller than 6 months, it is possible to watch all of its episodes in 6 months.",,,Can you watch all of L'auberge du chien noir in six months?,,,,,
S10,Would The Dark Knight be appropriate for a preschool class?,Would The Tinker Tailor Soldier Spy be an appropriate film to show in a preschool class?,FALSE,FALSE,"Tinker Tailor Soldier Spy (Q681962)
","(Tinker Tailor Soldier Spy, ICAA rating, not recommended for children under 12)
","If the age rating of a movie is not recommended for children, it would not be a proper movie to be shown in a kindergarten.",,,,,,,,
S11,Is Isaac Newton buried at the same church as the author of Great Expectations?,Is the author of Tartarin of Tarascon buried in the same cemetery as Georges Rodenbach?,TRUE,TRUE,"Tartarin of Tarascon (Q1691889), Georges Rodenbach (Q378240)
","(Georges Rodenbach, place of burial, Père Lachaise Cemetery), (Tartarin of Tarascon, author, Alphonse Daudet), (Alphonse Daudet, place of burial, Père Lachaise Cemetery)",The place of burial of the author of Tartarin of Tarascon and Georges Rodenbach must be the same for them to be buried in the same cemetery.,,,,,,,,
S12,Could someone listen to the entire U2 debut studio album during an episode of Peppa Pig?,Could Soleiman Eskandari have listened to the Nasime Vasl album?,FALSE,TRUE,"Soleiman Eskandari (Q6409388), Nasime Vasl (Q5679852)","(Nasime Vasl, publication date, 21 May 2003), (Soleiman Eskandari, date of death, 1943)",Soleiman Eskandari must have been alive after the time Nasime Vasl was published for him to be able to listen to it.,,,"Entity is ""Beyonce's albums in chronological order"" which is 2 hops away from Beyonce... 
Maybe just mention's the name of the album (Renaissance)",Could someone listen to all of Beyonce's latest album during an episode of Peppa Pig?,,,,
S13,Could someone in Tokyo take a taxi to the The Metropolitan Museum of Art?,Could someone in Vaughan take a taxi to the Jamjuree Art Gallery?,FALSE,FALSE,"Jamjuree Art Gallery (Q11310084), Vaughan (Q44013)
","(Vaughan, description, city in Ontario, Canada), (Jamjuree Art Gallery, country, Thailand)",Jamjuree Art Gallery must be within a reasonable distance from Vaughan to be likely for a person in Vaughan to reach there by taxi.,,,,,,,,
S14,Could a fan of the Botany Swarm vote for John Key?,Could a local fan of the Botany Swarm vote for John Key?,FALSE,FALSE,"Botany Swarm (Q894676), John Key (Q57783)
","(John Key, position held, Prime Minister of New Zealand), (Botany Swarm, country, Australia)",Citizens of a country can only vote for government officials of their own country.,,,just made it clearer,"just asking. is ""a local fan"" a common term in English? ",i wouldn't necessarily say common? but i think it is 'correct' to say local fan when u r a fan of the team of the same city/place,,,
S15,Was King Kong (2005 film) solvent?,Was Fantastic Beasts: The Secrets of Dumbledore solvent?,TRUE,TRUE,Fantastic Beasts: The Secrets of Dumbledore (Q18199332),"(Fantastic Beasts: The Secrets of Dumbledore, box office, 405,161,334 United States dollar, valid in place, worldwide), (Fantastic Beasts: The Secrets of Dumbledore, box office, 95,850,844 United States dollar, valid in place, United States of America), (Fantastic Beasts: The Secrets of Dumbledore, cost, 200,000,000 United States dollar)",A movie is considered solvent if its revenue is greater than its cost.,,,wikidata has data for box office in US and worldwide -> could make it more challenging,,,,,
S16,Did Richard III's father have greater longevity than him?,Did Dariush Homayoon have greater longevity than Bozorg Alavi?,FALSE,FALSE,"Dariush Homayoon (Q618255), Bozorg Alavi (Q560371)","(Dariush Homayoon, date of birth, 27 September 1928), (Dariush Homayoon, date of death, 28 January 2011), (Bozorg Alavi, date of birth, 2 February 1904), ((Bozorg Alavi, date of death, 18 February 1997)",A person with a greater distance between their time of birth and death is said to have a longer longevity compared to the other person.,,,,,,,,
S17,Could Eddie Murphy's children hypothetically fill a basketball court by themselves?,Could Pippa Middleton's children play monkey in the middle amongst themselves?,TRUE,TRUE,Pippa Middleton (Q232465),"(Pippa Middleton, child, Arthur Matthews), (Pippa Middleton, child, Grace Matthews
), (Pippa Middleton, child, Rose), ",Monkey in the middle requires three or more players.,,,"She has three children, you need three people to play monkey in the middle",,,,,
S18,Was the 1980 presidential election won by a member of the Grand Old Party?,Was the 2022 South Korean presidential election won by a member of the People Power Party,TRUE,TRUE,"2022 South Korean presidential election (Q31180705)
","(2022 South Korean presidential election, candidate, [(Yoon Suk Yeol, votes received
16,394,815, represents People Power Party), (Lee Jae-myung, votes received 16,147,738, represents
Democratic Party of Korea), (Sim Sang-jung, votes received 803,358, represents Justice Party (South Korea)), Huh Kyung-young
, votes received, 281,481), (Kim Jae-yeon, votes received, 37,366, represents, Progressive Party), (Cho Won-jin, votes received, 25,972, represents, Our Republican Party), (Oh Jun-ho, votes received, 18,105, represents, Basic Income Party), (Kim Min-chan, votes received, 17,305, represents, Korean Wave Alliance), (Lee Gyeong-hee, votes received, 11,708, represents, Korean Unification), (Lee Baek-yun, votes received, 9,176, represents, Labor Party), (Kim Gyeong-jae, votes received, 8,317, represents, New Liberal Democratic Union), (Ok Un-ho, votes received, 4,970, represents, Saenuri Party)



",The party that the cadidate obtaining the most votes represented must be indicated the People Power Party for the answer to be correct.,,,,,,,,
S19,Was The Canterbury Tales written before One Thousand and One Nights?,Is the It's Hyorish an older album than Nasime vasl?,FALSE,FALSE,"It's Hyorish (Q11221611), Nasime Vasl (Q5679852)
","(It's Hyorish, publication date, 2008), (Nasime Vasl, publication date, 21 May 2003)",I'ts Hyorish must be published before Nasime Vasl for it to be an older album.,,,released on same day!,Was the movie Oppenheimer released before Barbie in the USA?,,,,
S20,Does Rupert Murdoch's alma mater have more history than the USA?,Does Toyoharu Tsutsui's alma mater have more history than Newfoundland and Labrador?,TRUE,TRUE,"Toyoharu Tsutsui (Q11603051), Newfoundland and Labrador (Q2003)
","(Toyoharu Tsutsui, country of citizenship, Japan), (Toyoharu Tsutsui, educated at, Harvard University), (Harvard University, inception, 8 September 1636), (Newfoundland and Labrador, inception, 31 March 1949)",The date of inception of Toyoharu Tsutsui must have been before Newfoundland and Labrador to have an older history.,,,,,,,,
S21,Does Lupita Nyongo have citizenship in paternal Family of Barack Obama's origin country?,Does Diane von Fürstenberg have citizenship in the country where Astrid Whettnall's mother is from?,FALSE,FALSE,"Diane von Fürstenberg (Q272438), Astrid Whettnall (Q2868544)
","(Diane von Fürstenberg, country of citizenship, United States of America), (Diane von Fürstenberg, country of citizenship, Belgium), (Astrid Whettnall, mother, Countess Madeleine Bernadotte), (Countess Madeleine Bernadotte, country of citizenship, Sweden)",The country of citizenship of Diane von Fürstenberg must have been the same as Astrid Whettnall's mother for the answer to be correct. ,,,"Diane has citizenship for USA and Belgium, but Astrid's mother is Swedish",,,,,
S22,Is 3D printing able to make adenovirus?,Is 3D printing able to make Oliverpabstia?,FALSE,FALSE,"3D printing (Q229367), Oliverpabstia (Q113527596)","(3D printing, uses, resin), (3D printing, uses, polylactic acid), (Oliverpabstia, instance of, bacteria)",Oliverpabstia must be able to be made from materials that 3D printing uses to be able to be made from it.,,,,,,,,
S23,Is watching Star Wars necessary to know who Darth Vader is?,Is watching Coach Carter necessary to know who Ken Carter is?,FALSE,FALSE,"Coach Carter (Q1104158), Ken Carter (Q2329947)","(Coach Carter, characters, Ken Carter), (Ken Carter, occupation, basketball coach)",Ken Carter must just be a character in Coach Carter film and not to exist in the real world for answer to the question to be correct.,,,,,,,,
S24,If someone loves buffalo wings do they enjoy capsaicin?,If someone loves Fesenjān do they enjoy pomegranate juice?,TRUE,TRUE,Fesenjān (Q608979),"(Fesenjān , has part(s), pomegranate juice)",People who like a food typically enjoy its ingredients.,,,,,,,,
S25,Does Princess Peach's dress resemble a peach fruit?,Does Chloe Forkroad’s hair resemble a peach fruit?,FALSE,FALSE,Chloe Forkroad (Q122780737),"(Chloe Forkroad, hair color, black hair)",Chloe Forkroad's hair must have the same color and texture as a peach fruit for the answer to be correct.,,,,,,,,
S26,Can I hold Bing in a basket?,Can I hold Gamevcore in a basket?,FALSE,FALSE,Gamevcore (Q123678584),"(Gamevcore, instance of, website)",Gamevcore must be a small physical object for people to be able to hold it in a basket.,,,,,,,,
S27,Can a snake swallow an M60 Patton?,Can a snake swallow a Spähpanzer SP I.C?,FALSE,FALSE,Spähpanzer SP I.C. (Q2314731),"(Spähpanzer SP I.C., description, 1962 light tank prototype model)",The size of Spähpanzer SP I.C must be small enough for a snake to be able to swallow it.,,,,,,,,
S28,Can the Persian Gulf fit in New Jersey?,Can Valli di Comacchio fit in Gilan province?,TRUE,TRUE,"Valli di Comacchio (Q1891671), Gilan Province (Q928828)","(Valli di Comacchio, area, 13,012 hectare), (Gilan Province, area, 14,042 square kilometre)",The area of Valli di Comacchio must be smaller than Gilan Province to be possible to fit in it.,,,,,,,,
S29,Is Bucharest located south of Egypt?,Is Lowshan located south of Gubadly?,TRUE,TRUE,"Lowshan (Q1754190), Gubadly (Q1017710)","(Lowshan, Coordinate location, 36°37'14""N, 49°30'38""E), (Gubadly, Coordinate location, 39°20'38""N, 46°34'47""E)",The longtitude of Lowshan must be smaller than Gubadly to be located south of it.,,,,,,,,
S30,Would the author of Little Women have remembered the ratification of the 13th Amendment?,Would the author of Midō Kanpakuki have remembered the promulgation of the Charter oath?,FALSE,FALSE,"Midō Kanpakuki (Q11488903), Charter Oath (Q702056)","(Midō Kanpakuki, author, Fujiwara no Michinaga), (Fujiwara no Michinaga, date of birth, 
966), (Fujiwara no Michinaga, date of death, 3 January 1028), (Charter Oath, description, first constitution of modern Japan, promulgated 1868)",The promulgation of the Charter oath must have occured during the lifespan of author of Midō Kanpakuki for him to remember it.,,,,,,,,
S31, Was Dorothea Wendling from same place Porsche originated?,Was Darya Dadvar from the same city that used to be Afsharid Empire’s center of power?,TRUE,TRUE,"Darya Dadvar (Q1989119), Afsharid Empire (Q63149558)","(Darya Dadvar, place of birth, Mashhad), (Afsharid Empire, capital, Mashhad)",The place of birth of Darya Dadvar must be the same as the capital of Afsharid Empire to make the answer correct.,,,,,,,,
S32, Did Brazilian jiu-jitsu Gracie founders have at least a baker's dozen of kids between them?,Did directors of the Better call Saul together have at least a baker's dozen of occupations?,TRUE,TRUE,Better Call Saul (Q14925221),"(Better Call Saul, creator, Vince Gilligan), (Better Call Saul, creator, Peter Gould), (Better Call Saul, creator, Peter Gould), (Vince Gilligan, occupation, [television producer, screenwriter, television director, showrunner, executive producer, film director, film producer]), (Peter Gould, occupation, [screenwriter, television producer, film director, television director, showrunner])",The number of occupations of directors of Better Call Saul must be greater than 13 to make the answer correct.,,,Did the Gracie founders of Brazilian jui-jitsu have at least a baker's dozen of kids among them?,,,,,
S33, Did Mozart ever buy anything from Dolce & Gabbana?,Could Kaká have bought a car from Jordan Motor Car Company?,FALSE,FALSE,"Kaká (Q531814), Jordan Motor Car Company (Q1703639)","(Kaká, date of birth, 22 April 1982), (Jordan Motor Car Company, dissolved, abolished or demolished date, April 1931)",Kaká must have lived during the same time Jordan Motor Car Company was active to be able to buy a car from it.,,,,,,,,
S34, Are any of J.K. Rowling's books in the genre of And Then There Were None?,Are any of Mahmoud Dowlatabadi's works in the genre of The Makioka Sisters?,TRUE,TRUE,"Mahmoud Dowlatabadi (Q1373235), The Makioka Sisters (Q2354342)
","(Mahmoud Dowlatabadi, notable work, Kelidar), (Kelidar, genre, novel), (The Makioka Sisters
, genre, novel)",The genre of at least one of Mahmoud Dowlatabadi's works must have been the same as the genre of The Makioka Sisters to make the answer correct.,,,,,,,,
S35, Did Jay-Z ever collaborate with Louis Armstrong?,Could Andrea Mantovani and Piero Pasinati ever have been teammates?,FALSE,FALSE,"Andrea Mantovani (Q494353), Pietro Pasinati (Q1350265)
","(Pietro Pasinati, occupation, association football player (end time, 1949)), (Andrea Mantovani
, date of birth, 22 June 1984)",Andrea Mantovani and Pietro Pasinati must have played during the same time to enable them to be teammates.,,,,,,,,
S36, Did Christopher Columbus sail representing a different country than his original home?,Did Juan Antonio Pizzi play for a country other than the place he was born in?,TRUE,TRUE,Juan Antonio Pizzi (Q508489),"(Juan Antonio Pizzi, place of birth, Santa Fe), (Santa Fe, country, Argentina), (Juan Antonio Pizzi, country for sport, Spain)",The place of birth of Juan Antonio Pizzi must be located in another country than the country for which he played to make the answer correct.,,,,,,,,
S37, Could you drive from New England to a Sainsbury's?,Could you travel from Gujan to Aousserd only by car?,FALSE,FALSE,"Gujan (Q5103164), Aousserd (Q2026640)

","(Gujan, country, Iran), (Iran, continent, Asia), (Aousserd, country, Western Sahara), (Western Sahara, continent, Africa)",Aousserd must be reachable from Gujan by roads to be able to travel between them by car.,,,,,,,,
S38, Can Simon Cowell vote for the next Supreme Court judge?,Could Giorgos Zygouris have voted for Kim Jong-un?,FALSE,FALSE,"Giorgos Zygouris (Q63724243), Kim Jong-un (Q56226)

","(Giorgos Zygouris, country of origin, Greece), (Kim Jong-un, description, General Secretary of the Workers' Party of Korea and 3rd Supreme leader of North Korea)",Giorgos Zygouris must have been a North Korean citizen to be able to vote for Kim Jong-un.,,,,,,,,
S39, Did Cynthia Powell celebrate a silver anniversary with John Lennon?,Did Ilary Blasi celebrate a silver anniversary with Francesco Totti?,Did Ilary Blasi celebrate a silver anniversary with Francesco Totti?,FALSE,"Ilary Blasi (Q287186), Francesco Totti (Q20110)
","(Ilary Blast, spouse, Francesco Totti [(start time, 2005), (end time, 2022)])",Ilary Blasi and Francesco Totti's marriage should have lasted more than 25 years to make the answer correct.,,,,,,,,
S40, Did Al Pacino act in a movie during World War II?,Could Sura Iskenderli have had a performance during the Iran-Iraq war?,FALSE,FALSE,"Sura İskenderli (Q95370013), Iran–Iraq War (Q82664)
","(Sura İskenderli, date of birth, 17 December 1994), (Iran–Iraq War, description, 1980-1988 war between Iran and Iraq)",Sura Iskenderli must have lived during the Iran-Iraq war to be able to hold a concert at that time.,,,,,,,,
S41, Is the tibia necessary to win the Stanley Cup?,Is the tibia necessary for someone to be able to win the Torneo Internazionale Regione Piemonte?,TRUE,TRUE,"Torneo Internazionale Regione Piemonte (Q3994570)

","(Torneo Internazionale Regione Piemonte, subclass of, Tennis tournament)",The tibia is necessary for regular sports tounraments that involve considerable use of leg.,,,,,,,,
S42, Would someone in Mumbai refer to Solanum melongena as an eggplant?,Would someone in Panji Poyon refer to Alhagi maurorum as a Camel Thorn in his mother tongue?,FALSE,FALSE,"Panji Poyon (Q6529590), Alhagi maurorum (Q2918709)

","(Panji Poyon, country, Tajikistan), (Tajikistan, official language, Tajik), (Tajikistan, official language, Russian), (Tajikistan, official language, Tajik), (Alhagi maurorum, taxon common name, camelthorn (English))",The language in which Alhagi maurorum is called camelthorn must be a language used by People in Panji Poyon to make the answer correct.,,,,,,,,
S43, Could a dandelion suffer from hepatitis?,Could an Abstang suffer from cytosporosis?,FALSE,FALSE,"Abstang (Q2822051), cytosporosis (Q31452019)

","(Abstang, instance of, horse breed), (cytosporosis, description, plant disease)",An abstang must be a plant to be able to get the cytosporosis disease.,,,,,,,,
S44, Was the original James Bond actor born near the Washington Monument?,Was the author of Kitab al-A'laq al-Nafisah born near the Davarpanah Mausoleum?,TRUE,TRUE,"Kitab al-A'laq al-Nafisah (Q12549308), Davarpanah Mausoleum (Q112842959)
","(Kitab al-A'laq al-Nafisah, author, Ahmad ibn Rustah), (Ahmad ibn Rustah, place of birth, Isfahan), (Davarpanah Mausoleum, description, mausoleum in Isfahan)",The author of Kitab al-A'laq al-Nafisah must be born near the same location as Davarpanah Mausoleum to make the answer correct. ,,,,,,,,
S45, Was Charlemagne's father instrumental in outcome of the Battle of Tours?,Could Urmila Kanetkar- Kothare’s husband have been instrumental in the Parti Tudeh?,FALSE,FALSE,"Urmila Kanetkar- Kothare (Q4319578), Tudeh Party of Iran (Q1339294)
","(Urmila Kanetkar- Kothare, spouse, Adinath Kothare), (Adinath Kothare, country of citizenship, India), (Tudeh Party of Iran, country, Iran)",Urmila Kanetkar- Kothare's husband must have been an Iranian or be involved in Iranian politics to be likely to be instrumental in Parti Tudeh.,,,,,,,,
S46, Could a giant squid fit aboard the deck of the Titanic?,Could Quidam de Revel fit in HMS Abercrombie?,TRUE,TRUE,"Quidam de Revel (Q2123116), HMS Abercrombie (Q4039992)

","(Quidam de Revel, instance of, horse), (HMS Abercrombie, description, 1915 Abercrombie-class monitor)",The size of Quidam de Revel must be smaller than HMS Abercrombie to fit in it.,,,,,,,,
S47, Could Oscar Wilde have operated a motor vehicle?,Could Ludmilla Pajo have operated a motor vehicle?,TRUE,TRUE,Ludmilla Pajo (Q6698923),"(Ludmilla Pajo, date of birth, 21 December 1947), (Ludmilla Pajo, date of death, 25 August 1995)",Ludmilla Pajo must have lived after the invention of motor vehicles and meet the legal conditions.,,,,,,,,
S48, Has a neanderthal ever served on the Supreme Court of the United States?,Could Nizam-ud-din Auliya have served on the Court of Cassation?,FALSE,FALSE,"Nizam-ud-din Auliya (Q2427934), Court of Cassation (Q1138599)
","(Nizam-ud-din Auliya, date of death, 3 April 1325), (Court of Cassation, inception, 1791)",Nizam-ud-din Auliya must have lived during the time that Court of Cassation was established or in existence to make the answer correct.,,,,,,,,
S49, Is Linus Torvalds' wife unable to physically defend herself?,Is it likely for Eve Uusmees’ husband to be able to physically defend himself?,TRUE,FALSE,"Eve Uusmees (Q5416206)
","(Eve Uusmees, spouse, Lembit Maurer), (Lembit Maurer, occupation,  boxer)",There must be evidence of Eve Uusmees' husband physical ability for defending himself to make the answer True.,,,,,,,,
S50, Did Eric Clapton have similar taste in women to one of the Beatles?,Did Ekaterina Svanidze and Nadezhda Alliluyeva have similar taste in men?,TRUE,TRUE,"Ekaterina Svanidze (Q254673), Nadezhda Alliluyeva (Q233999)
","(Ekaterina Svanidze, spouse, Joseph Stalin), (Nadezhda Alliluyeva, spouse, Joseph Stalin)",Ekaterina Svanidze and Nadezhda Alliluyeva must have been in relation with the same men or men with similar characteristics to show their similar tastes in men.,,,,,,,,
S51, Did Eddie Murphy's father see his first stand up show?,Could Ianis Hagi’s dad have seen his debut in Serie A?,TRUE,FALSE,"Ianis Hagi (Q17045723), Serie A (Q15804)","(Ianis Hagi, member of sports team, ACF Fiorentina (start time, 2016)), (ACF Fiorentina, league, Serie A), (Ianis Hagi, father, Gheorghe Hagi)",Ianis Hagi's dad must have been alive and able to be present at the time he made his debut in Serie A to make the answer True.,,,,,,,,
S52, Did Evander Holyfield compete in an Olympics hosted in the western hemisphere?,Did Koji Kuramoto compete in an Olympics hosted in the western hemisphere?,TRUE,TRUE,Koji Kuramoto (Q13533336),"(Koji Kuramoto, participant in, 1976 Summer Olympics), (1976 Summer Olympics, country, Canada)",The countries in which Olympics games that Koji Kuramoto participated in must be located in the western hemisphere to make the answer true.,,,,,,,,
S53, Was Donald Trump the target of Islamophobia?,Could Yusuf Çetin have been a target of Islamophobia?,FALSE,FALSE,Yusuf Çetin (Q8061999),"(Yusuf Çetin, religion or worldview, Eastern Orthodoxy)",Yusuf Çetin must have been a muslim to have been a target of Islamophobia.,,,,,,,,
S54, Did either Kublai Khan or his grandfather practice monogamy?,Did either Möngke Khan or his father practice monogamy?,FALSE,FALSE,Möngke Khan (Q7521),"(Möngke Khan, spouse, Qutuqtai Khatun), (Möngke Khan, spouse, Yesuder Khatun), (Möngke Khan, father, Tolui), (Tolui, spouse, Sorghaghtani Beki), (Tolui, spouse, Lingqun khatun)",Möngke Khan or his father must have had only one spouse to show that they practiced monogamy.,,,,,,,,
S55, Did Van Gogh suffer from a mental disorder?,Did Ala al-Din Muhammad III suffer from a mental disorder?,TRUE,TRUE,Ala al-Din Muhammad III (Q403910),"(Ala al-Din Muhammad III, medical condition, melancholia)",Ala al-Din Muhammad III's must have suffered from a psychiatric disorder to be make the answer true.,,,,,,,,
S56, Is the span in C-SPAN named after Alan Greenspan?,Is the first S in the official abbreviated name of SBS TV's owner named after a city?,TRUE,FALSE,SBS TV (Q16172404),"(SBS TV, owned by, Seoul Broadcasting System)","The first part in the name of the company owning SBS TV must be name of a city to make the answer true,",,,,,,,,
S57," At a presentation about post traumatic stress disorder, would Ariana Grande be a topic of relevance?","At a presentation about post traumatic stress disorder, would Deena Lynch be a topic of relevance?",TRUE,TRUE,Deena Lynch (Q102032681),"(Deena Lynch, medical condition, complex post-traumatic stress disorder)",There must be evidence of a relationship between Deena Lynch and post-traumatic stress disorder to make her relevant to a talk about post-traumatic stress disorder.,,,,,,,,
S58, Could you read The Atlantic magazine during the Games of the XXII Olympiad?,Could Giovanni Battista Crespi have read L'apostolato popolare?,FALSE,TRUE,"Giovanni Battista Crespi (Q1525857), L'apostolato popolare (Q2858530)
","(Giovanni Battista Crespi, date of birth, 23 December 1573), (Giovanni Battista Crespi, date of death, 23 October 1632), (L'apostolato popolare, inception, 10 November 1840), (L'apostolato popolare, dissolved, abolished or demolished date, February 1843)",Giovanni Battista Crespi must have been alive during the time L'apostolato popolare was issued to be able to read it.,,,,,,,,
S59," Could Elizabeth I of England have seen the play Dido, Queen of Carthage ?",Could Andreas Knopken have seen the play Verklungene Feste?,FALSE,TRUE,"Andreas Knopken (Q95182), Verklungene Feste (Q1622059)
","(Andreas Knopken, date of birth, 1468), (Andreas Knopken, date of death, 1539), (Verklungene Feste, date of first performance, 5 April 1941)",Andreas Knopken must have lived during or after the first performance of Verklungene Feste to be able to have watched it.,,,,,,,,
S60, Did the writer of Christmas carol fast during Ramadan?,Is it likely for the director of Demitri Cantemir to fast during Ramadan?,FALSE,FALSE,Demitri Cantemir (Q15709917),"(Demitri Cantemir, director, Vlad Ioviţă), (Vlad Ioviţă, religion or worldview, Eastern Orthodox Church)",Director of Demitri Cantemir must have been a muslim to be likely to fast during Ramadan.,,,,,,,,
S61, Would Janet Jackson avoid a dish with ham?,Is it likely for Aaron Hyman to avoid a dish with ham?,TRUE,TRUE,Aaron Hyman (Q302135),"(Aaron Hyman, religion or worldview, Judaism)","If Aaron Hyman practices a religion that forbids eating ham, he will likely avoid a dish containing ham.",,,,,,,,
S62, Was the Euro used in Prussia?,Was Bayu Gatra Sanggiawan’s income mostly paid to him in renminbi?,FALSE,FALSE,Bayu Gatra (Q4461107),"(Bayu Gatra, occupation, association football player), (Bayu Gatra, member of sports team, [Persekap Pasuruan City, Bali United F.C., Sriwijaya F.C.]), ([Bali United F.C., Persekap Pasuruan City, Sriwijaya F.C.], country, Indonesia)",Bayu Gatra Sanggiawan must have worked in China for his income to be likely to paid in renminbi.,,,,,,,,
S63, Could a llama birth twice during War in Vietnam (1945-46)?,Would it be possible for a cheetah to have lived during the whole Laotian Civil War?,TRUE,FALSE,"cheetah (Q23907), Laotian Civil War (Q877450)
","(Cheetah, longest observed lifespan, 20.5 year), (Laotian Civil War, start time, 23 May 1959), (Laotian Civil War, start time, 2 December 1975)",The longest lifespan of a cheetah must be longer than the duration of the Laotian Civil war to be possible for it to live during the entire Laotian Civil war.,,,,,,,,
S64, Is Rick and Morty considered an anime?,Is Vegeterrible considered an anime?,FALSE,FALSE,"Vegeterrible (Q20496332), anime (Q1107)","(Vegeterrible, country of origin, Denmark), (Anime, description, Japanese style of animation)",Vegeterrible must be a Japanese animation to be considered as an anime.,,,,,,,,
S65, Is Bern located east of Paris?,Is Channur Khalsa located south of Ziadin?,TRUE,TRUE,"Channur Khalsa (Q93319574), Ziadin (Q4191695)
","(Channur Khalsa, country, India), (Ziadin, country, Uzbekistan)",Channur Khalsa must be located in a country that is in lower longtitude than the country containing Ziadin to make the answer true.,,,,,,,,
S66, Was Martin Luther same sect as Martin Luther King Jr.?,Was Majid al-Attar in the same sect as Bahjat al-Attiyah?,FALSE,FALSE,"Majid al-Attar (Q71026839), Bahjat al-Attiyah (Q12199732)

","(Majid al-Attar, religion or worldview, Shia Islam), (Bahjat al-Attiyah, religion or worldview, Sunni Islam)",Majid al-Attar and Bahjat al-Attiyah must believe in the same sect to make the answer true.,,,IN the same sect?,,,,,
S67, Could someone have arrived at Wrestlemania X in a Toyota Prius?,Could someone have arrived at a match from the Azadegan league with a brand-new Ford Parklane?,FALSE,FALSE,"Azadegan League (Q793457), Ford Parklane (Q5467899)

","(Azadegan League, inception, 1991), (Ford Parklane, discontinued date, 1956)",Ford Parklane must have been in production during the time Azadegan league was in existence to make the answer true.,,,,,,,,
S68, Was Snoop Dogg's debut studio album released on the weekend?,Was Digão’s brother playing for a club based in Brazil when Bojana Atanasovska began her career?,TRUE,FALSE,"Digão (Q316959), Bojana Atanasovska (Q63168875)
","(Bojana Atanasovska, work period (start), 2002), (Digão, sibling, Kaká), (Kaká, member of sports team, São Paulo FC[(start time, 2001), (end time, 2003)]), (São Paulo FC, country, Brazil)",The club that Digão's brother played for at the time Bojana Atanasovska began her work must be a Brazilian club to make the answer true. ,,,,,,,,
S69, Was Richard III ruler of Adelaide?,Were commands of the Soviet Union’s government effective in Vilnius one month before the day Soviet Union collapsed?,FALSE,FALSE,"Vilnius (Q216), Soviet Union (Q15180)

","(Vilnius, country, Soviet Union [(start time, July 1944), (end time, 10 March 1990
)], (Soviet Union, significant event, dissolution of the Soviet Union (point in time, 26 December 1991
))","If Vilnius was controlled by the Soviet Union government one month before the day Soviet union collapsed, commands of the Soviet Union’s government were effective there.",,,I'm not really sure what this question means lol,,,,,
S70, Would a silicon shortage be bad for Intel's sales?,Would a silicon shortage cause a crisis for Regio Călători's sales?,FALSE,TRUE,Regio Călători (Q567819),"(Regio Călători, instance of, train operating company)","If Regio Călători is involved in an industry that directly uses or produces semiconductors, a silicon shortage would cause a crisis for its sales.",,,,,,,,
S71, Is Islamophobia against Cyprus majority religion misdirected?,Would Louis Bookman accuse someone of being antisemitic if he faced religious discrimination?,TRUE,TRUE,Louis Bookman (Q6686771),"(Louis Bookman, religion or worldview, Judaism)","If Louis Bookman is a Jewish, he accuse someone of being antisemitic if he faced religious discrimination.",,,Mention religious discrimination instead of general bad treatment? e.g. Would Louis Bookman accuse someone of being antisemitic if he faced religious discrimination?,,,,,
S72, Does Amtrak operate four wheel vehicles?,Do GreenGo customers operate four wheel vehicles?,TRUE,TRUE,GreenGo (Q118978044),"(GreenGo, description, Hungary car sharing company)","If GreenGo provides four wheel vehicles for its customers, the answer of this question will be true.",,,,,,,,
S73, Did the Social Democratic Party of Germany help Frederick II become King of Prussia?,Could the Inkatha Freedom Party help Charles Robberts Swart become president?,FALSE,FALSE,"Inkatha Freedom Party (Q654444), Charles Robberts Swart (Q380398)
","(Charles Robberts Swart, position held, State President of South Africa (start time,
31 May 1961)), (Inkatha Freedom Party, inception, 21 March 1975)",Inkatha Freedom Party must have been established before the presidency of Charles Robberts Swart to be able to help him become president.,,,,,,,,
S74, Did Boris Yeltsin watch the 2008 Summer Olympics?,Could Sepp Herberger have been a suspect for the 2014 Kunming attack?,FALSE,FALSE,"Sepp Herberger (Q157820), 2014 Kunming attack (Q15856657)
","(Sepp Herberger, date of death, 28 April 1977), (2014 Kunming attack, point in time, 1 March 2014)",Sepp Herberger must have been alive during the time 2014 Kunming attack took place to have been a suspect for it.,,,,,,,,
S75, Would you be likely to see storks at a baby shower?,Would you be likely to see storks at the baby shower of Hermann Hummels’ son in 1988?,TRUE,TRUE,Hermann Hummels (Q1611556),"(Hermann Hummels, child, Mats Hummels), (Mats Hummels, date of birth, 16 December 1988)","If Hermann Hummels' son was a child in 1988, it would be likely to find storks at his shower.",,,,,,,,
S76, Was Snoop Dogg an adult when Tickle Me Elmo was popular?,Was Jean-François Gillet an adult when Lokendra Bahadur Chand left power for the last time?,TRUE,TRUE,"Jean-François Gillet (Q509996), Lokendra Bahadur Chand (Q2628548)
","(Jean-François Gillet, date of birth, 31 May 1979), (Lokendra Bahadur Chand, position held, Prime Minister of Nepal [[(start time, 12 July 1983), (end time, 21 March 1986)], [(start time, 6 April 1990), (end time, 19 April 1990)], [(start time, 12 March 1997), (end time, 7 October 1997)], [(start time, 11 October 2002), (end time, 5 June 2003)]]","If Lokendra Bahadur Chand left power for the first time after 18 years had passed from Jean-François Gillet's date of birth, Jean-François Gillet would be an adult at that time.",,,,,,,,
S77, Would it be difficult to host Stanley Cup Finals at Rock in Rio?,Would it be difficult to host the Viking Cup in the birthplace of Mihera Bint Abboud?,TRUE,TRUE,"Viking Cup (Q7929459), Mihera Bint Abboud (Q104841842)

","(Viking Cup, sport, ice hockey), (Mihera Bint Abboud, place of birth, Sudan)","If the birth place of Mihera Bint Abboud is a hot country, it would be difficult to hold an ice hockey competition there.",,,,,,,,
S78," Would the trees in Auburn, New York be changing colors in September?",Would the trees in Chelforó be changing colors in September?,FALSE,TRUE,Chelforó (Q5089871),"(Chelforó, country, Argentina)","If Chelforó is located in the southern hemisphere, trees will begin to change colors there in September.",,,,,,,,
S79, Can Amtrak's Acela Express break the sound barrier?,Would it be plausible to say that one of Regio Călători's vehicles has broken the sound barrier?,FALSE,FALSE,Regio Călători (Q567819),"(Regio Călători, instance of, train operating company)","If vehicles operated by Regio Călători are likely to reach and overpass the speed of sound, it is plausible to say one of their vehicles has broken the sound barrier.",,,,,,,,
S80, Could a firewall be destroyed by a hammer?,Could JAJC be destroyed by a hammer?,FALSE,FALSE,JAJC (Q58385),"(JAJC, instance of, free software)","If JAJC is not a physical entity, it is not possible to destroy it by a hammer.",,,,,,,,
S81, Was The Jackson 5 bigger family band than The Isley Brothers?,Did Checheyikhen make a bigger family than Naser al-Din Shah Qajar?,FALSE,,"Checheyikhen (Q7199764), Naser al-Din Shah Qajar (Q159416)
","(Checheyikhen, spouse, Turalji), (Checheyikhen, child, [Orghana, Huchuhadun, Buka-Timur, Bars buqa, Guyuk Khatun]), (Naser al-Din Shah Qajar, spouse, [Monir al-Saltaneh, Golin Khanum, Amīna Aqdas, Jeyran, Khazan al-Doulah, Anīs-al-dawla]), (Naser al-Din Shah Qajar, child, [Mozaffar ad-Din Shah Qajar, Kamran Mirza Nayeb es-Saltaneh, Masud Mirza Zell-e Soltan, Zahra Khanom Tadj es-Saltaneh, Nosrat al-Din Mirza Salar es-Saltaneh, Ahmad Mirza Azd es-Saltaneh, Touran Agha Khanoum Qajar])","If the number of spouses and children for Checheyikhen add up to a greater number than the number of spouses and children of Naser al-Din Shah Qajar, she had made a bigger family.",,,,,,,,
S82, Is a railroad engineer needed during NASCAR events?,Would a person with the same occupation as Zheng Liangshu be needed during the SCCA ProRally?,FALSE,TRUE,"Zheng Liangshu (Q9082563), SCCA ProRally (Q7389093)
","(Zheng Liangshu, occupation, sinologist), (SCCA ProRally, instance of, automobile racing series)","If Zheng Liangshu had an occupation that is related to racing automobiles, a person with the same occupation as him would be needed during the SCCA ProRally.",,,,,,,,
S83, Does the Dalai Lama believe in the divine barzakh?,Is it likely for Shappi Khorsandi to believe in the barzakh?,TRUE,FALSE,"Shappi Khorsandi (Q4346087), Barzakh (Q809688)

","(Shappi Khorsandi, religion or worldview, atheism), (Barzakh, part of, Islamic eschatology)","If Shappi Khorsandi believed in Islam, it would be likely for her to believe in barzakh.",,,,,,,,
S84, Did Helen Keller ever read a novel by J. K. Rowling?,Could Yanagiwara Naruko have read one of Shana Yardan’s works?,FALSE,FALSE,"Yanagiwara Naruko (Q8193045), Shana Yardan (Q21597720)
","(Yanagiwara Naruko, date of birth, 26 June 1859), (Yanagiwara Naruko, date of death, 16 October 1943
), (Shana Yardan, date of birth, 1942), (Shana Yardan, date of death, 2 November 1989
)","If Yanagiwara Naruko lived after Shana Yardan had written any of her works, it would be possible for Yanagiwara Naruko to have read one of Shana Yardan’s works.",,,,,,,,
S85, Can Larry King's ex-wives form a water polo team?,Did Golin Khanum’s spouse have enough wives to form a Volleyball team from them?,TRUE,TRUE,Golin Khanum (Q16046652),"(Golin Khanum, spouse, Naser al-Din Shah Qajar), (Naser al-Din Shah Qajar, spouse, [Monir al-Saltaneh, Golin Khanum, Amīna Aqdas, Jeyran, Khazan al-Doulah, Anīs-al-dawla])","If Golin Khanum's spouse had at least six wives, he had enough wives to form a volleyball team from them.",,,,,,,,
S86, Did Mike Tyson train to use the gogoplata?,Did Jürgen Brähmer train to use the gogoplata?,FALSE,FALSE,Jürgen Brähmer (Q95438),"(Jürgen Brähmer, sport, boxing)","If Jürgen Brähmer isn't involved in a sport such as mixed martial arts (MMA) and Brazilian Jiu-Jitsu (BJJ), he wouldn't use a gogoplata.",,,,,,,,
S87, Did Jane Austen suffer from middle child syndrome?,Could Paolo Cannavaro have suffered from middle child syndrome?,FALSE,FALSE,Paolo Cannavaro (Q311956),"(Paolo Cannavaro, sibling, Fabio Cannavaro)","If Paolo Cannavaro has at least one older and one younger sibling, he could have suffered from middle child syndrome.",,,,,,,,
S88, Are there people who are men who experience menstruation?,Is it possible for Rinu to have experienced menstruation?,TRUE,TRUE,Rinu (Q85883453),"(Rinu, sex or gender, trans man)","If Rinu had the experience of being a woman, he could have experience mensturation.",,,,,,,,
S89, Are Brian Cranston and Saoirse Ronan's combined Emmy Awards a prime number?,Does the number of clubs that Gienir Garcia played for and the number of clubs that Ismael Rodriguez played for add up to a prime number?,TRUE,FALSE,"Gienir García (Q5559786), Ismael Rodríguez (Q2301530)

","(Gienir García, member of sports team, [Club de Futbol Ballenas Galeana Morelos, Cruz Azul Hidalgo, Cruz Azul, CF Montréal, Cruz Azul Hidalgo]), (Ismael Rodríguez, member of sports team, [Club América, Querétaro F.C., Club de Fútbol Monterrey, Atlético Irapuato, C.D. Águila, ])","If the result of adding the number of clubs Gienir Garcia and Ismael Rodriguez played for is a natural number greater than 1 that cannot be formed by multiplying two smaller natural numbers, the answer is true.",,,,,,,,
S90, Would an American feel lost due to language barriers at Disneyland Paris?,Would Juan Cuda feel lost due to language barriers at Reggio Emilia?,FALSE,FALSE,"Juan Cuda (Q3810821), Reggio Emilia (Q13360)
","(Juan Cuda, languages spoken, written or signed, Italian), (Reggio Emilia, country, Italy)","If Juan Cuda is able to speak the language used in Reggio Emilia, he wouldn't feel lost due to language barriers at Reggio Emilia.",,,,,,,,
S91, Is Rurouni Kenshin from same country as lead character in Nobunaga's Ambition?,Is Jang Na-ra from the same country as the director of Okja?,TRUE,TRUE,"Jang Na-ra (Q494190), Okja (Q23932553)
","(Jang Na-ra, country of citizenship, South Korea), (Okja, director, Bong Joon-ho), (Bong Joon-ho, country of citizenship, South Korea)","If the country of citizenship of Jang Na-ra and the director of Okja movie are the same, the answer is true.",,,,,,,,
S92, Did Immanuel Kant ever meet the 14th president of the United States?,Could Milla Jadot have received an official invitation from the Czechoslovakia government?,FALSE,FALSE,"Milla Jadot (Q75767443), Czechoslovakia (Q33946)
","(Milla Jadot, date of birth, 30 November 2005), (Czechoslovakia, dissolved, abolished or demolished date, 31 December 1992)",Milla Jadot must have been alive during the time Czechoslovakia was in existence to be able to have received an official invitation from the Czechoslovakia government.,,,,,,,,
S93, Did Martin Luther believe in Satan?,Is it likely for Johann Richmann to believe in Satan?,TRUE,TRUE,"Johann Richmann (Q55100574), Satan (Q35230)
","(Johann Richmann, occupation, pastor), (Satan, description, entity in the Abrahamic religions that tells others to do sinful actions)","If Johann Richman believed in an Abrahamic religion, he would be likely to believe in Satan.",,,,,,,,
S94, Is it common for women to have moustaches?,Is it likely for Lionel Lundell to have a mustache in 2024?,FALSE,FALSE,Lionel Lundell (Q98358016),"(Lionel Lundell, date of birth, 12 August 2020)","If Lionel Lundell is not an adult man in 2024, it would be unlikely for him to have a moustache.",,,,,,,,
S95, Can a Toyota Supra make a vlog?,Could an IKCO Samand make a vlog on its own?,FALSE,FALSE,IKCO Samand (Q677378),"(IKCO Samand, instance of, automobile model)",IKCO Samand must be a human to be able to make a vlog by its own.,,,,,,,,
S96, Does Adam Sandler skip celebrating Easter?,Is it likely for Adrian Rochet to skip celebrating Easter?,TRUE,TRUE,"Adrian Rochet (Q2825049), Easter (Q21196)
","(Adrian Rochet, religion or worldview, Judaism), (Easter, description, Christian festival and holiday the resurrection of Jesus Christ)","If Adrian Rochet believes in Christianity, he is likely to celebrate Easter.",,,,,,,,
S97, Would Statue of Liberty be visible if submerged in Bohai Sea?,Would the top of the Dome of Soltaniyeh be visible if you submerge it in Urmia lake?,TRUE,TRUE,"Dome of Soltaniyeh (Q20645774), Urmia Lake (Q199551)
","(Dome of Soltaniyeh, height, 49 metre), (Urmia Lake, vertical depth, 16 metre)
","If the height of Dome of Soltaniyeh is greater than the vertical depth of Urmia Lake, its top would be visible if you submerge it in Urmia lake.",,,,,,,,
S98, Is the Matrix a standalone movie?,Is Geats Extra: Kamen Rider PunkJack a standalone movie?,FALSE,FALSE,Geats Extra: Kamen Rider PunkJack (Q118369339),"(Geats Extra: Kamen Rider PunkJack, part of the series, [Kamen Rider, Toei Tokusatsu Universe, Kamen Rider Geats])","If Geats Extra: Kamen Rider PunkJack is not a part of a movie series, it could be considered a standalone movie.",,,,,,,,
S99, Do children's bicycles often have extra wheels?,Is it likely for Lionel Lundell to ride a bike with extra wheels in 2024?,TRUE,TRUE,Lionel Lundell (Q98358016),"(Lionel Lundell, date of birth, 12 August 2020)","If Lionel Lundell is a child in 2024, it is likely for him to use extra wheels when riding a bike.",,,,,,,,
S100, Would most school children in New York be wearing jackets on groundhog day?,Would most people in New York be wearing jackets on Rajyavardhan Rathore’s birthday?,TRUE,TRUE,"New York City (Q60), Rajyavardhan Rathore (Q982805)
","(New York City, country, United States of America), (Rajyavardhan Rathore, date of birth, 29 January 1970)","If Rajyavardhan Rathore's birthdate is in Winter in the northern hemisphere, it is likely that most people would be wearing jackets in New York City. ",,,,,,,,
S101, Did Jesus go to school to study railroad engineering?,Could Ibn al-Muqaffa' have studied railroad engineering?,FALSE,FALSE,Ibn al-Muqaffa' (Q1060637),"(Ibn al-Muqaffa', date of birth, 724), (Ibn al-Muqaffa', date of death, 756)",Ibn al-Muqaffa' must have lived after the invention of railroad and inception of railroad engineering major to be able to have studied it.,,,,,,,,
S102," Would mooncakes be easy to find in Chinatown, Manhattan?",Is it likely to find mooncakes in the birthplace of Ian Barbour?,TRUE,TRUE,"mooncake (Q197969), Ian Barbour (Q525883)
","(mooncake, description, Chinese bakery product traditionally eaten during the Mid-Autumn Festival), (Ian Barbour, place of birth, Beijing), (Beijing, country, People's Republic of China)","If the birth place of Ian Barbour has a considerable Chinese population, it is likely to find mooncakes there.",,,,,,,,
S103, Was King Arthur at the beheading of Anne Boleyn?,Could Mahmud of Ghazni have been at the execution of Mansur Al-Hallaj?,FALSE,FALSE,"Mahmud of Ghazni (Q189271), Mansur Al-Hallaj (Q172862)
","(Mahmud of Ghazni, date of birth, 2 November 971), (Mahmud of Ghazni, date of death, 30 April 1030), (Mansur Al-Hallaj, date of birth, 858), (Mansur Al-Hallaj, date of death, 26 March 922)",Mahmud of Ghazni must have been alive at the time Mansur Al-Hallaj was being executed for him to be possible to be present at the execution.,,,,,,,,
S104, Could the children of Greek hero Jason hypothetically fill a polo team?,Could Kim Dae-jung form a polo team from his children?,FALSE,TRUE,Kim Dae-jung (Q45785),"(Kim Dae-jung, child, Kim Hong-gul), (Kim Dae-jung, child, Kim Hong-il), (Kim Dae-jung, child, Kim Hong-eop)","If Kim Dae-jung had at least four children, he could form a polo team from them.",,,,,,,,
S105, Could an escapee swim nonstop from Alcatraz island to Siberia?,Could an escapee swim nonstop from Kfarfou to Bezenjan?,FALSE,FALSE,"Kfarfou (Q6398693), Bezenjan (Q4359607)
","(Kfarfou, country, Lebanon), (Bezenjan, country, Iran)","If the distance between Kfarfou and Bezenjan is reasonable and there is a body of water between them, it would be possible for an escapee to swim between them,",,,,,,,,
S106, Could Casio's first invention be worn around the ankle?,Could any product of the Yerevan Jewellery Plant be worn around the ankle?,FALSE,FALSE,Yerevan Jewellery Plant (Q21658193),"(Yerevan Jewellery Plant, product or material produced or service provided, [
earring, necklace, ring, bracelet, wristwatch, medallion])",If Yerevan Jewellery Plant produces pieces of jewellery that can be worn around the ankle (such as anklets) the answer is yes.,,,wikidata products does not include anything for ankle,,,,,
S107, Does Zelda Williams have any cousins on her father's side?,Did Vincenzo Gamba have any cousins on his father's side?,TRUE,FALSE,Vincenzo Gamba (Q7932232),"(Vincenzo Gamba, father, Galileo Galilei), (Galileo Galilei, sibling, Michelagnolo Galilei), (Michelagnolo Galilei, child, Vincenzo Galilei)","If any of Vincenzo Gamba's father's siblings had a child, he had a cousin from his father's side.",,,,,,,,
S108, Would Recep Tayyip Erdoğan be unfamiliar with börek?,Would it be very likely for Mostafa Salimi to be familiar with Sholezard?,TRUE,FALSE,"Mostafa Salimi (Q6916878), sholezard (Q20987994)

","(Mostafa Salimi, country of citizenship, Iran), (sholezard, part of Iranian cuisine)","If Mostafa Salimi is familiar with the cuisine that Sholezard is part of it, it would be very likely for him to be familiar with it.  ",,,,,,,,
S109, Did children read Harry Potter and the Philosopher's Stone during the Albanian Civil War?,Could people have read Mjegull during the Perak war?,FALSE,FALSE,"Mjegull (Q13042955), Perak War (Q7166879)
","(Mjegull, publication date, 2009), (Perak War, start time, 1875), (Perak War, start time, 1876)",Mjegull must have been published before the Perak War for people to be able to read it during the Perak war. ,,,,,,,,
S110, Did any of Maya Angelou's children follow in her footsteps?,Did any of Ibrahim Moustafa's children follow in his footsteps?,TRUE,TRUE,Ibrahim Moustafa (Q377336),"(Ibrahim Moustafa, occupation, amateur wrestler), (Ibrahim Moustafa, child, Adel Ibrahim Moustafa), (Adel Ibrahim Moustafa, occupation, amateur wrestler)","If the occupation of any of Ibrahim Moustafa's children was the same as his occupation, the answer to the question is yes.",,,,,,,,
S111, Did Tony Bennett have more children than he had wives?,Did Orhan Ghazi have more wives than children?,TRUE,TRUE,Orhan (Q133168),"(Orhan, spouse, [Nilüfer Hatun, Asporça Hatun, Theodora Kantakuzini, Eftandise Hatun]), (Orhan, child, [Murad I, Gazi Süleyman paşa, Halil Bey])","If the number of Orhan's spouses is greater than the number of his children, the answer to the question is yes.",,,,,,,,
S112, Is it unusual to play Happy hardcore music at a funeral?,Is it unusual to play Hava Naquila music at a funeral?,TRUE,TRUE,Hava Naquila (Q5683019),"(Hava Naquila, genre, happy hardcore)","If Hava Naquilla has a happy theme, it would be unusual to play it at a funeral.",,,,,,,,
S113, Would Communist Party of the Soviet Union hypothetically support Trickle Down Economics?,Would Zhou Xing prefer a centrally planned economy over a market economy?,TRUE,FALSE,Zhou Xing (Q8294683),"(Zhou Xing, member of political party, Chinese Communist Party)","If Zhou Xing supported a political idealogoy that advocates for centrally-planned economy, such as communism or its variants, the answer to the question is yes.",,,,,,,,
S114, Is breakdancing safe for people with tendonitis?,Would tendonitis seriously impact Samender Juginisov’s ability to do his job?,TRUE,FALSE,Samender Juginisov (Q7409279),"(Samender Juginisov, occupation, basketball player)","If Semender Juginisov's occupation involves considerable physical activity, tendonitis seriously impacts his ability to do his job.",,,,,,,,
S115, Can a Muslim eat a McRib sandwich?,Is it likely for Umid Zokirov to avoid eating a McRib sandwich?,TRUE,FALSE,"Umid Zokirov (Q104439360), McRib (Q3058650)
","(Umid Zokirov, religion or worldview, Islam), (McRib, description, barbecue-flavored pork sandwich periodically sold by the international fast food restaurant chain McDonald's)","If Umid Zokirov practices a religion or a kind of diet that restrics eating any of the ingredients of McRib sandwiches, he would be likely to avoid a McRib sandwich.",,,,,,,,
S116, Was a USB flash drive used in The Godfather?,Could a USB flash drive be pictured in Osmondagi bolalar?,TRUE,FALSE,"Osmondagi bolalar (Q7107217), USB flash drive (Q1647694)
","(Osmondagi bolalar, description, 2002 film by Zulfikar Musakov), (USB flash drive, inception, 1996)","If Osmondagi bolalar was produced after the invention of USB flashes, it would be possible to be shown in that movie.",,,,,,,,
S117, Can a software engineer work during a power outage?,Can Leah Silber continue doing her job during a power outage?,FALSE,FALSE,Leah Silber (Q104695572),"(Leah Silber, occupation, software developer)","If Leah Silber's job involves use of an equipment that relies on electricity to work, she can't continue her job during a power outage.",,,,,,,,
S118, Does American Independence Day occur during autumn?,Does Afghan Independence Day occur during Summer?,TRUE,FALSE,Afghan Independence Day (Q4689078),"(Afghan Independence Day, day in year for periodic occurrence, August 19)","If the Afghan Independence day occurs in one of the months that are considered as summer in the northern hemisphere (June, July, and August), it occurs during summer.",,,,,,,,
S119, Did Karl Marx influence the communist party of China?,Did Karl Marx influence Ludwig Aigner's political views?,TRUE,TRUE,"Karl Marx (Q9061), Ludwig Aigner (Q107570647)
","(Ludwig Aigner, political ideology, communism), (Karl Marx, notable work, The Communist Manifesto)","If Ludwig Aigner believes in Communism, his political views were influenced by Karl Marx.",,,,,,,,
S120, Do workers at Nissan's headquarters eat with chopsticks?,Are workers at Vidol likely to eat with chopsticks?,TRUE,TRUE,Vidol (Q28417095),"(Vidol, country of origin, Taiwan)","If Vidol is located in a country where people mostly use chopsticks, it is likely for its workers to also use chopsticks.",,,,,,,,
S121, Is accountant a difficult profession for a person suffering from Dyscalculia?,Would Harold Hugh Keen’s ability to perform his job be substantially influenced if he suffered from Dyscalculia?,TRUE,TRUE,"Harold Hugh Keen (Q75761932), dyscalculia (Q742672)
","(Harold Hugh Keen, occupation, accountant), (dyscalculia, instance of, Mathematical disorder)","If Haroold Hugh Keen's occupation is related to Mathematics, his ability to perform his job would be substantially influenced if he suffered from Dyscalculia.",,,,,,,,
S122, Did Douglas Adams use email as a child?,Could Myrto Altinoglou use email when she was a child?,FALSE,FALSE,Myrto Altinoglou (Q61988969),"(Myrto Altinoglou, date of birth, 1927)",Myrto Altinoglou's childhood must have been after the invention of email for her to be able to use email when she was a child.,,,,,,,,
S123, Could the Eiffel Tower be completely submerged at the Arctic Ocean's deepest point?,Could the Alaviyan Dome be completely submerged at Lake Vanda’s deepest point?,TRUE,TRUE,"Alaviyan Dome (Q5910145), Lake Vanda (Q1190747)
","(Alaviyan Dome, height, 11.5 metre), (Lake Vanda, vertical depth, 69 metre)","If the depth of Lake Vanda is greater than the height of Alaviyan Dome, it is possible to completely submerge Alaviyan Dome in it.",,,,,,,,
S124, Did Alan Turing suffer the same fate as Abraham Lincoln?,Did Ivan Shuisky suffer the same fate as Benny Frey?,TRUE,FALSE,"Ivan Shuisky (Q4527412), Benny Frey (Q4889976)
","(Ivan Shuisky, cause of death, carbon monoxide poisoning), (Benny Frey, cause of death, carbon monoxide poisoning)","If Ivan Shuisky and Benny Frey have died in the same manner, we can consider them to have experienced the same fate. ",,,,,,,,
S125, Did George Washington drive a Lexus?,Could Khalil Rabenou have bought a car from Iran Khodro Diesel?,FALSE,FALSE,"Khalil Rabenou (Q110887995), Iran Khodro Diesel (Q6066811)
","(Khalil Rabenou, date of death, 19 May 1961), (Iran Khodro Diesel, inception, 1966)",Khalil Rabenou must have been alive during the time Iran Khodro Diesel existed and was active to be able to purchase a car from it.,,,,,,,,
S126, Did Jackie Kennedy wear Dolce & Gabbana to her husband's inauguration?,Could Nusrat Bhutto have worn a Mountain Warehouse jacket when her husband became president?,FALSE,FALSE,"Nusrat Bhutto (Q327424), Mountain Warehouse (Q6925414)
","(Nusrat Bhutto, spouse, Zulfiqar Ali Bhutto), (Zulfiqar Ali Bhutto, position held, president of Pakistan(start time, 20 December 1971)), (Mountain Warehouse, inception, 1997)",Nusrat Bhutto's husband must have become a president after Mountain Warehouse was founded and began its activity for the answer to be yes.,,,,,,,,
S127, Was Godfrey of Bouillon an Islamaphobe?,Was Mario Scialoja likely to be an Islamophobe?,FALSE,TRUE,Mario Scialoja (Q6764962),"(Mario Scialoja, religion or worldview, Sunni Islam)","If Mario Scialoja is in clear disagreement with Islam and Muslims and advocates discrimination against them, he is likely to be an Islamophobe.",,,,,,,,
S128, Was the Eiffel tower used as a symbol of the French Revolution?,Could the Blue House be used as a symbol of the Korean War?,FALSE,FALSE,"Blue House (Q494577), Korean War (Q8663)
","(Blue House, inception, 1991), (Blue House, description, former official residence of the president of South Korea), (Korean War, start time, 25 June 1950), (Korean War, end time, 27 July 1953)","If Blue House was established around the time the Korean war happened or was ended and is known to have a considerable relation to the war, it can be considered as a symbol of the Korean war.",,,,,,,,
S129, Did any citizen of San Antonio vote for Boris Johnson?,Could Ri Song-hui have voted for Roh Moo-hyun?,FALSE,FALSE,"Ri Song-hui (Q447861), Roh Moo-hyun (Q14345)
","(Ri Song-hui, country of citizenship, North Korea), (Roh Moo-hyun, description, 16th President of the Republic of Korea (1946–2009))","If Ri Song-hui is a South Korean citizen who was eligible to vote at the time Roh Moo-hyun was being elected, he could have voted for him.",,,,,,,,
S130, Can Aerosmith fit in a 2020 Mitsubishi Outlander?,Could all of Fath-Ali Shah Qajar’s children hypothetically sit comfortably in a Toyota Corolla?,FALSE,TRUE,"Fath-Ali Shah Qajar (Q175299), Toyota Corolla (Q243543)
","(Fath-Ali Shah Qajar, child, [Abbas Mirza, Dowlatshah, 
Aliqoli Mirza Etezado-ol-Saltaneh, 
Mohammad Taqi Mirza, Hasan Ali Mirza, Husayn Ali Mirza, Mohammad Vali Mirza, Soltan Ahmad Mirza Azod od-Dowleh, Soleyman Mirza Qajar, Omm Salmeh, Parviz Mirza, Saifullah Mirza, Fakhr-i Jahan Khanum), (Toyota Corolla, subclass of, subcompact car)","If Fath-Ali Shah Qajar had less children than the capacity of a Toyota Corolla, they could comfortably fit in a Toyota Corolla.",,,,,,,,
S131, Would a CEO typically clean the toilets in a company's building?,Would Pinar Abay typically clean toilets at ING Bank N.V. headquarters?,FALSE,FALSE,"Pinar Abay (Q111983477), ING Bank N.V. (Q2304977)

","(Pinar Abay, position held, chief executive officer (of, ING Bank N.V.))","If Pinar Abay has a position in ING Bank N.V. that typically involves cleaning toilets, such as being a janitor, it would be likely for him to typically clean toilets there.",,,,,,,,
S132, Does Robert De Niro use a microscope at work?,Would Süreyya Tahsin Aygün typically use a microscope at work?,TRUE,FALSE,"Süreyya Tahsin Aygün (Q97212678)
","(Süreyya Tahsin Aygün, occupation, bacteriologist)","If Süreyya Tahsin Aygün's occupation involves viewing microorganisms, she would typically use a microscope at work..",,,,,,,,
S133, Was Robert Downey Jr. a good role model as a young man?,Is Jazmin Bean a good role model for young girls?,TRUE,FALSE,Jazmin Bean (Q109467083),"(Jazmin Bean, medical condition, ketamine dependence)","If Jazmin Bean follows proper social values and avoids dangerous and law-braking decisions, she can be considered a good role model for young girls.",,,,,,,,
S134, Did Melania Trump have same profession as Olga Kurylenko?,Does Asami Natsumoto have the same profession as Aeri Ikeda?,TRUE,TRUE,"Asami Natsumoto (Q79018765), Aeri Ikeda (Q18545767)
","(Asami Natsumoto, occupation, race queen), (Aeri Ikeda, occupation, race queen)","If the occupation of Asami Natsumoto and Aeri Ikeda is the same, the answer becomes yes.",,,,,,,,
S135, Did Francois Mitterrand ever meet Barak Obama while they both held the position of President?,Could Liau Hiok-hian and Virginia Raggi have met while they both held the position of council member?,FALSE,FALSE,"Liau Hiok-hian (Q65056127), Virginia Raggi (Q23766020)
","(Liau Hiok-hian, position held, Member of Yunlin County Council (start time, 25 December 2018), (end time, 24 December 2022)), (Virginia Raggi, position held, council member (start time, 10 June 2013), (end time, 30 October 2015))","If Liau Hiok-hian and Virginia Raggi were council members at the same time, it could have been possible for them to meet while they both hold the council member position.",,,,,,,,
S136, Could a monolingual American read Lenovo's native name?,Could a monolingual Slovenian read Yoshimitsu's native name?,FALSE,FALSE,Yoshimitsu (Q3572679),"(Yoshimitsu, name in native language, 吉光 (Japanese))","If the native name of Yoshimitsu is Slovenian, a monolingual Slovenian could be able to read it.",,,,,,,,
S137, Would most grand masters know what the French Defense is?,Is it likely for Atousa Pourkashiyan to know what the French Defense is?,TRUE,TRUE,Atousa Pourkashiyan (Q4817454),"(Atousa Pourkashiyan, occupation, chess player)","If Atousa Pourkashiyan is familiar with chess and chess terminology, she would be likely to be familiar with French defense.",,,,,,,,
S138, Was dynamite used during Middle Ages warfare?,Could the Kalashnikov rifle have been used in the Second Sino-Japanese War?,FALSE,FALSE,"AK-47 (Q37116), Second Sino-Japanese War (Q170314)
","(Kalashnikov, inception, 1947), (Second Sino-Japanese War, start time, 7 July 1937), (Second Sino-Japanese War, start time, 9 September 1945)","If Kalashnikov rifle was invented before the second Sino-Japanese war, it would be possible to be used in that war.",,,,,,,,
S139, Could Little Women have been a book read by veterans of the civil war?,Could Men of Maizeen español have been a book read by people involved in the Cuban Revolution?,TRUE,TRUE,"Men of Maizeen español (Q3139595), Cuban Revolution (Q11264)
","(Men of Maizeen español, publication date, 1949), (Cuban Revolution, start time, 26 July 1953)","If Men of Maizeen español was published before the beginning of Cuban Revolution, it could have been a book read by people involved in the Cuban Revolution.",,,,,,,,
S140, Was Darth Vader monogamous?,Is Radosław Wojtaszek monogamous?,TRUE,TRUE,Radosław Wojtaszek (Q185236),"(Radosław Wojtaszek, spouse, Alina Kashlinskaya)","If Radosław Wojtaszek has only one wife, he would be considered a monogamous.",,,,,,,,
S141, Would a vegan eat a traditional Paella dish?,Would a vegan eat a Fabada asturiana dish?,FALSE,FALSE,Fabada asturiana (Q995376),"(Fabada asturiana, instance of, pork dish)","If Fabada asturiana is a plant-based dish with no animal products, it would be possible for vegans to eat it.",,,,,,,,
S142, Can Burundi's communicate with citizens of New Brunswick?,Can Arimasa Mori talk to citizens of New Brunswick with no translators involved?,TRUE,TRUE,"Arimasa Mori (Q161876), New Brunswick (Q1965)
","(Arimasa Mori, languages spoken, written or signed, French), (New Brunswick, official language, French)","If Arimasa Mori could speak in a language that citizens of New Brunswick speak, they could have communicated with no need for translation.",,,,,,,,
S143, Was Amy Winehouse familiar with Brexit?,Could Charles Hesterman Merz have voted for Brexit?,FALSE,FALSE,"Charles Hesterman Merz (Q27127), Brexit (Q7888194)
","(Charles Hesterman Merz, date of death, October 1940), (Brexit, point in time, 31 January 2020)","If Charles Hesterman Merz was alive at the time of Brexit election and met the legal criteria for voting in that election, it could be possible for him to vote for Brxit.",,,,,,,,
S144, Has the creator of Futurama lived in multiple centuries?,Has Rodney Strasser lived in more than one century?,TRUE,TRUE,Rodney Strasser (Q44663),"(Rodney Strasser, date of birth, 30 March 1990)","If Rodney Strasser was born in a different century than the current century or the century in which he died, the answer is yes.",,,,,,,,
S145, Has Alan Greenspan lived through at least a baker's dozen of president's?,Has Alexander Merkel been a member of at least a baker’s dozen of sports teams?,TRUE,TRUE,Alexander Merkel (Q327205),"(Alexander Merkel, member of sports team, [Udinese Calcio, Genoa CFC, AC Milan, Watford F.C., Grasshopper Club Zürich, Kazakhstan national football team, Germany national under-15 football team, Germany national under-16 football team, Germany national under-17 association football team, Germany national under-18 football team, Germany national under-19 football team, Germany national under-20 football team, VfB Stuttgart, Heracles Almelo])","If the number of sports teams that Alexander Merkel has been a member of is at least 13, the answer is yes.",,,,,,,,
S146,Was Elizabeth II the Queen during the Persian Gulf War?,Did Ali Hanteh's career as a sportsman end in the same decade that Bader Munshi was born?,TRUE,TRUE,"Ali Hanteh (Q4724846), Bader Munshi (Q98400072)
","(Ali Hanteh, member of sports team, Aboomoslem F.C., (end time, 1999)), (Bader Munshi, date of birth, 20 June 1999)","If the time Ali Hanteh's membership in his last sport team ended in the same decade that Bader Munshi was born, the answer is yes.",,,,,,,,
S147,Was San Antonio the site of a major battle in the 19th century?,Is the city where Matin Parsa was born in close to a river?,TRUE,TRUE,Matin Parsa (Q112125445),"(Matin Parsa, place of birth, Saqqez), (Saqqez, located in or next to body of water, Saqqez River
)","If the city that Matin Parsa was born in is located near a body of water such as a lake or river, the answer is yes.",,,,,,,,
S148,Did Archduke Franz Ferdinand of Austria participate in the Pacific War?,Could Jolina Zamorano and Vivathana Milinthachinda have played together on the same team?,FALSE,FALSE,"Jolina Zamorano (Q98071314), Vivathana Milinthachinda (Q16434087)
","(Jolina Zamorano, date of birth, 2005), (Vivathana Milinthachinda, date of death, 2003)","If Jolina Zamorano and Vivathana Milinthachinda were active during the same period of time, they could have played in the same team together.",,,,,,,,
S149,Does Marco Rubio have a close relationship with Allah?,Is it likely for Michalis Kritharidis to have a deep faith in Allah?,FALSE,FALSE,Michalis Kritharidis (Q84358618),"(Michalis Kritharidis, religion or worldview, atheism)","If Michalis Kritharidis has a deep faith in god, the answer is yes.",,,,,,,,
S150,Would an adherent of Zoroastrianism consult the Quran for religious guidance?,Is it likely for Chandra Khonnokyoong to consult the Diwan Abatur for religious guidance?,FALSE,FALSE,"Chandra Khonnokyoong (Q5071285), Diwan Abatur (Q108581470)
","(Chandra Khonnokyoong, religion or worldview, Buddhism), (Diwan Abatur, named after, Abatur), (Abatur, part of, Mandaeism)","If the Diwan Abatur is a religous text of the religion that Chandra Khonnokyoong follows, she could have consulted Diwan Abatur for religous guidance.",,,,,,,,
S151,Is the Joker in a healthy romantic relationship?,Are Maxi López and Wanda Nara still in a healthy romantic relationship?,FALSE,FALSE,"Maxi López (Q312317), Wanda Nara (Q7967127)

","(Wanda Nara, spouse, Maxi López (end time, 6 November 2013))","If there is evidence of Wanda Nara and Maxi López continuing their romantic relationship, the answer can be yes.",,,,,,,,
S152,Did J. D. Salinger ever ask his father for a quinceañera?,Would it make sense for Rodney Strasser to ask his father for a quinceañera?,FALSE,FALSE,"Rodney Strasser (Q44663), quinceañera (Q1519234)
","(Rodney Strasser, sex or gender, male), (quinceañera, description, Latin American culture celebration of a girl's 15th birthday)","If Rodney Strasser is a girl and belongs to the Latin America, the answer could be yes.",,,,,,,,
S153,Does a game engine have a fuel injector?,Does Voxel Farm require a fuel injector to operate?,FALSE,FALSE,Voxel Farm (Q111588429),"(Voxel Farm, instance of, game engine)","If Voxel Farm is a combustion engine that relies on fuel injection for its operation, the anwer would be yes.",,,,,,,,
S154,Could Tom Cruise explain mental auditing?,is it likely for Julia Nickson-Soul to be familiar with mental auditing?,TRUE,TRUE,Julia Nickson-Soul (Q272145),"(Julia Nickson-Soul, religion or worldview, Scientology)","If Julia Nickson-Soul is familiar with Scientology, it is likely for her to be familiar with mental auditing.",,,,,,,,
S155,Do people of the Iyer caste eat meat?,Was it likely for Divakarapandita to avoid eating a meat dish?,TRUE,FALSE,Divakarapandita (Q56807673),"(Divakarapandita, religion or worldview, Brahmanism)
","If Divakarapandita practices a religion or a diet that avoids eating meat, it is likely that he avoids a dish meat.",,,,,,,,
S156,Could James Brown's ex-wives hold a doubles game of tennis?,Are people who have been in romantic relationship with Belén Rodríguez enought to form a double game of tennis among them?,FALSE,TRUE,Belén Rodríguez (Q465805),"(Belén Rodríguez, unmarried partner, [Marco Borriello, Fabrizio Corona]), (Belén Rodríguez, spouse, Stefano De Martino)","If there have been at least four people who experienced romantic relationship with Belén Rodríguez, they could have formed a double tennis match among themselves.",,,,,,,,
S157,Has Gorillaz creator been in more bands than Bernard Sumner?,Has Giacomo Beretta played in more teams than Andrea Schenetti?,TRUE,TRUE,"Giacomo Beretta (Q1029247), Andrea Schenetti (Q4755266)
","(Giacomo Beretta, member of sports team, [Genoa CFC, AC Milan, F.C. Pro Vercelli 1892, Ascoli Calcio 1898 F.C., S.S. Juve Stabia, A.C. Pavia 1911, U.S. Lecce, Italy national under-17 football team, Italy national under-19 football team, Italy national under-20 football team, Italy national under-20 football team, Varese Calcio]), (Andrea Schenetti, member of sports team, [Sorrento Calcio 1945, AC Milan, S.S.D. Lucchese 1905, A.C. Prato, F.C. Südtirol])","If the number of sports teams that Giacomo Beretta has been their member is greater than the number of teams that Andrea Schenetti has been their member, the answer is yes.",,,,,,,,
S158,Could Buzz Aldrin have owned a computer?,Could Saovabhak Nariratana have owned a laptop?,FALSE,TRUE,Saovabhak Nariratana (Q13017801),"(Saovabhak Nariratana, date of death, 21 July 1887)",Saovabhak Nariratana must have lived after the invention of laptop to be able to own one.,,,,,,,,
S159,Is Elijah part of a Jewish holiday?,is Marjan Faritous likely to be familiar with Elijah?,TRUE,TRUE,"Marjan Faritous (Q16467612), Elijah (Q133507)
","(Marjan Faritous, religion or worldview, Judaism), (Elijah, instance of, human biblical figure)","If Marjan Faritous was familiar with bible and biblical figures, it would be likely for her to know Elijah.",,,,,,,,
S160,Is Mark Cuban able to visit Northern Mariana Islands without a passport?,Could Arsen Minasian travel to Tehran without requiring a passport?,TRUE,TRUE,"Arsen Minasian (Q4796371), Tehran (Q3616)
","(Arsen Minasian, country of citizenship, Iran), (Tehran, country, Iran)","If Arsen Minasian was a citizen of Iran, he would not require visas for traveling to Tehran.",,,,,,,,
S161,Could Johnny Carson's children fill out a water polo team?,Could Ilary Blasi's children fill out a water polo team?,FALSE,FALSE,Ilary Blasi (Q287186),"(Ilary Blasi, number of children, 3)","If Ilary Blasi had at least seven children, she could have formed a water polo team from them.",,,,,,,,
S162,Could ancient Tony Bennett have a baby in 2020,Could a Cheick Tioté have a son born after 2020?,FALSE,TRUE,Cheick Tioté (Q310668),"(Cheick Tioté, date of death, 5 June 2017)",Cheick Tioté must have been alive until at least nine months before 2020 for him to be able to have a son born after 2020.,,,,,,,,
S163,Is it safe to share silverware with an HIV positive person?,Was it an unhealthy action for anyone to have sexual relationship with Harry Whittaker-Sheppard in the final days of his life?,TRUE,TRUE,Harry Whittaker-Sheppard (Q114731320),"(Harry Whittaker-Sheppard, cause of death, HIV/AIDS)","If Harry Whittaker-Sheppard suffered from a sexually transmitted disease in the final days of his life, it would be unhealthy for anyone to have sexual relationship with him.",,,the guy died of HIV,,,,,
S164,"When Hugh Jackman was a teacher, would he have taught The Great Gatsby?",Would it be likely for David Fenimore Anderson to explain the Pythagorian theorem in a class?,TRUE,FALSE,David Fenimore Anderson (Q102177177),"(David Fenimore Anderson, occupation, professor of mathematics)","If David Fenimore Anderson taught Mathematics, it would be likely for him to explain the Pythagorian theorem in a class.",,,,,,,,
S165,Would Arnold Schwarzenegger be unable to run for President of the US?,Would Marjan Faritous be able to run for US presidency?,FALSE,TRUE,Marjan Faritous (Q16467612),"(Marjan Faritous, place of birth, Tehran), (Tehran, country, Iran)",Marjan Faritous must have been a US citizen who was born in the US to be able to run for US presidency.,,,,,,,,
S166,Does a person need a college degree to become a bartender?,Does a person need a college degree to have the same occupation as David Fenimore Anderson?,TRUE,FALSE,David Fenimore Anderson (Q102177177),"(David Fenimore Anderso, occupation, professor of mathematics)","If the David Fenimore Anderson's occupation requires a college degree, other persons would also require a college degree to get that occupation.",,,,Does a person need a college degree to become a bartender?,,,,
S167,Would a Rockette look odd with a moustache?,Would Marjan Faritous look odd with a moustache?,TRUE,TRUE,Marjan Faritous (Q16467612),"(Marjan Faritous, sex or gender, female)","If Marjan Faritous was not an adult man, it would be unlikely for her to have a moustache.",,,,Would a Rockette look odd with a moustache?,,,,
S168,Did Kim Il-sung network on LinkedIn?,Could Shirvanshah Kavus network on LinkedIn?,FALSE,FALSE,"Shirvanshah Kavus (Q7499029), LinkedIn (Q213660)
","(LinkedIn, inception, 28 December 2002), (Shirvanshah Kavus, date of death, 1372)",Shirvanshah Kavus must have lived after the inception of LinkedIn to be able to network on LinkedIn.,,,,sung network on LinkedIn?,,,,
S169,Do worshipers of Shiva make a pilgrimage to the Holy Land?,Would it be likely for Divakarapandita to travel to Jerusalem as a religous ritual?,FALSE,FALSE,"Divakarapandita (Q56807673), Jerusalem (Q1218)
","(Divakarapandita, religion or worldview, Brahmanism)
, (Jerusalem, description, city in the Middle East, holy to the three Abrahamic religions)",Divakarapandita must have practiced one of the three Abrahamic religions for him to be likely to travel to Jerusalem as a religous ritual.,,,,Do worshipers of Shiva make a pilgrimage to the Holy Land?,,,,
S170,Does Happy Gilmore Productions CEO own a Torah?,Was it likely for Benjamin Nahawandi to own a Torah?,TRUE,TRUE,"Benjamin Nahawandi (Q282231), Torah (Q34990)
","(Benjamin Nahawandi, religion or worldview, Judaism), (Torah, description, first five books of the Hebrew Bible)","If Benjamin Nahawandi was a Jewish, it would be likely for him to own a Torah.",,,,Does Happy Gilmore Productions CEO own a Torah?,,,,
S171,Did Pablo Escobar's nickname collection outshine Robert Moses Grove's?,Did Søren Kierkegaard's nickname collection outshine Mark Oliver Everett's?,TRUE,TRUE,"Søren Kierkegaard (Q6512), Mark Oliver Everett (Q11907)
","(Søren Kierkegaard, pseudonym, [Victor Eremita, A, Judge William, Johannes de silentio, Constantine Constantius, Young Man, Vigilius Haufniensis, Nicolaus Notabene, Hilarius Bookbinder, Johannes Climacus, Inter et Inter, H.H., Anti-Climacus, B, Johannes de Silentio, Constantin Constantius, P. CH. Kierkegaard]), (Mark Oliver Everett, pseudonym, E)","If Søren Kierkegaard had more nicknames than Mark Oliver Everett, his collection of nicknames outshined Mark Oliver Everett's collection.",,,,Did Pablo Escobar's nickname collection outshine Robert Moses Grove's?,,,,
S172,Does cell biology teach about the life cycle of Al Qaeda?,Does cell biology teach about the life cycle of Karakol society?,FALSE,FALSE,Karakol society (Q3777207),"(Karakol society, instance of, political party)",Karakol society must be related to cellular organisms for it to be likely to be studied by cell biology.,,,,Does cell biology teach about the life cycle of Al Qaeda?,,,,
S173,Can a person be diagnosed with a Great Depression?,Can Benjamin Nahawandi be diagnosed with the Great Depression?,FALSE,FALSE,"Benjamin Nahawandi (Q282231), Great Depression (Q8698)
","(Great Depression, instance of, economic crisis), (Benjamin Nahawandi, instance of, human)","If Great Depression was a medical condition, Benjamin Nahawandi may have been diagnosed with it.",,,,Can a person be diagnosed with a Great Depression?,,,,
S174,Is the voice of the Genie from Disney's Aladdin still alive?,Did Alan Hamel's wife pass away?,TRUE,FALSE,Alan Hamel (Q4706799),"(Alan Hamel, spouse, Suzanne Somers), (Suzanne Somers, date of death, 15 October 2023)","If there is any evidence mentioning Alan Hamel's wife is dead, the answer is yes.",,,,Is the voice of the Genie from Disney's Aladdin still alive?,,,,
S175,Did the Beatles write any music in the Disco genre?,Is Lee Hyori a major singer in the Disco genre?,FALSE,FALSE,Lee Hyori (Q232491),"(Lee Hyori, genre, [pop music, K-pop])",Lee Hyori must have been actively singing in the Disco genre to be a major singer in that genre.,,,,Did the Beatles write any music in the Disco genre?,,,,
S176,Did Stone Cold Steve Austin wrestle in three different centuries?,Did Giuseppe Favalli play soccer in three different centuries?,FALSE,FALSE,Giuseppe Favalli (Q270359),"(Giuseppe Favalli, date of birth, 8 January 1972)",Giuseppe Favalli must have been actively playing soccer over the span of three centuries for the answer to be yes.,,,,Did Stone Cold Steve Austin wrestle in three different centuries?,,,,
S177,Has Ringo Starr been in a relatively large number of bands?,Is it likely for Davide Callà to be alone when he is doing work in most days?,FALSE,FALSE,Davide Callà (Q678346),"(Davide Callà, occupation, association football player)",Davide Callà's occupation must not require group work for him to be alone when he is doing work in most days.,,,,Has Ringo Starr been in a relatively large number of bands?,,,,
S178,Will Lhamo Thondup be considered by Catholic Church to be a saint?,Is it likely for Catholic church to consider Mohammad Kazem Shariatmadari as a saint?,FALSE,FALSE,Mohammad Kazem Shariatmadari (Q775760),"(Mohammad Kazem Shariatmadari, religion or worldview, Islam)",Mohammad Kazem Shariatmadari must be a notable character of christianity for the catholic church to be likely to announce him as a saint.,,,,Will Lhamo Thondup be considered by Catholic Church to be a saint?,,,,
S179,Can you substitute the pins in a bowling alley lane with Dustin Hoffman's Oscars?,Did Paolo Maldini receive enough awards to substitute the pins in a bowling alley lane with his awards?,FALSE,FALSE,Paolo Maldini (Q483027),"(Paolo Maldini, award received, [Bravo Award, Knight of the Order of Merit of the Italian Republic, Officer of the Order of Merit of the Italian Republic, FIFA World Cup Dream Team , UEFA Team of the Year, UEFA President's Award, Ballon d'Or Dream Team])",Paolo Maldini must have received at least 10 awards to be able to replace pins in a bowling  alley lane with his awards.,,,,Can you substitute the pins in a bowling alley lane with Dustin Hoffman's Oscars?,,,,
S180,Was the French Revolution televised?,Could Ebrahim Khan Kalantar's wedding have been televised?,FALSE,FALSE,Ebrahim Khan Kalantar (Q1655987),"(Ebrahim Khan Kalantar, date of death, 14 April 1801)",Ebrahim Khan Kalantar's wedding must have occured after the invention of television to make the answer yes.,,,,Was the French Revolution televised?,,,,
S181,Did Gandhi watch the television show Bonanza?,Could Cheick Tioté have watched Ted Lasso?,FALSE,FALSE,"Cheick Tioté (Q310668), Ted Lasso (Q96407897)
","(Cheick Tioté, date of death, 5 June 2017), (Ted Lasso, start time, 14 August 2020)",Cheick Tioté must have lived after the streaming of Ted Lasso began to be able to have watched it.,,,,Did Gandhi watch the television show Bonanza?,,,,
S182,Do you need a farmer to make a circuit board?,Is it likely for Miloš Daković to be able to make a circuit board?,TRUE,FALSE,Miloš Daković (Q112473108),"(Miloš Daković, occupation, electrical engineer)","if Miloš Daković's occupation involves making circuit boards or requires education about making circuit boars, he is likely to be able to make a circuit board.",,,,Do you need a farmer to make a circuit board?,,,,
S183,Would LeBron James hypothetically glance upwards at Yuri Gagarin?,Would Farhad Zarif glance upwards at Samad Nikkhah Bahrami if they met?,TRUE,FALSE,"Farhad Zarif (Q5700469), Samad Nikkhah Bahrami (Q1314733)
","(Farhad Zarif, height, 165 centimetre), (Samad Nikkhah Bahrami, height, 201 centimetre)",If Farhad Zarif's height is less than Samad Nikkhah Bahrami's height the answer would be yes.,,,,Would LeBron James hypothetically glance upwards at Yuri Gagarin?,,,,
S184,Was Saudi Aramco started due to an assassination?,Did Bernard Gohienetxe experience a peaceful death?,FALSE,TRUE,Bernard Gohienetxe (Q5141382),"(Bernard Gohienetxe, cause of death, decapitation)","If Bernard Gohienetxe's death didn't involve any violence, he could have experienced a peaceful death.",,,,Was Saudi Aramco started due to an assassination?,,,,
S185,Can dementia be cured with a cast?,Could the medical condition of Ala al-Din Muhammad III be cured with a cast?,FALSE,FALSE,Ala al-Din Muhammad III (Q403910),"(Ala al-Din Muhammad III, medical condition, melancholia)","If Ala al-Din Muhammad III's medical problem is a bone fracture, it can be cured by a cast.",,,,Can dementia be cured with a cast?,,,,
S186,Would a responsible bartender make a drink for Millie Bobby Brown?,Would a responsible bartender avoid making a drink for Lionel Lundell?,TRUE,FALSE,Lionel Lundell (Q98358016),"(Lionel Lundell, date of birth, 12 August 2020)","If Lionel Lundell is not an adult in 2024, a responsible bartender would avoid making a drink for him.",,,,Would a responsible bartender make a drink for Millie Bobby Brown?,,,,
S187,Would Ibn Saud tolerate salsa music?,Would Zelimkhan Yandarbiyev avoid drinking rum?,TRUE,FALSE,Zelimkhan Yandarbiyev (Q313449),"(Zelimkhan Yandarbiye, religion or worldview, Islam)","If Zelimkhan Yandarbiye avoids drinking alcohol, he is likely to avoid drinking rum.",,,,Would Ibn Saud tolerate salsa music?,,,,
S188,Are the founders of Skype from Asia?,Is it likely for most employees of Beverina Productions to live in Europe?,TRUE,FALSE,Beverina Productions (Q110270591),"(Beverina Productions, work location, [Latvia, Austria])","If the work locations of Beverina Productions are located in Europe, it is likely for most of its employees to live in Europe.",,,,Are the founders of Skype from Asia?,,,,
S189,Did Marco Polo travel with Christopher Columbus?,Could Bernard Gohienetxe have travelled with Ebrahim Khan Kalantar?,FALSE,FALSE,"Ebrahim Khan Kalantar (Q1655987), Bernard Gohienetxe (Q5141382)","(Ebrahim Khan Kalantar, date of death, 14 April 1801), (Bernard Gohienetxe, date of death, 8 November 1661)",Ebrahim Khan Kalantar and Bernard Gohienetxe must have lived during the same time to be able to have travelled together.,,,,Did Marco Polo travel with Christopher Columbus?,,,,
S190,Does Ronda Rousey avoid BBQ restaraunts?,Is it likely for Lee Hyori to avoid BBQ restaurants?,TRUE,TRUE,Lee Hyori (Q232491),"(Lee Hyori, lifestyle, vegetarianism)","If Lee Hyori avoids eating meat, he will avoid BBQ restaurants.",,,,Does Ronda Rousey avoid BBQ restaraunts?,,,,
S191,Would Tony Stark be considered a polymath?,Is it correct to consider Aḥmad ibn Muḥammad Ibn al-Surá a polymath?,TRUE,TRUE,Aḥmad ibn Muḥammad Ibn al-Surá (Q89410503),"(Aḥmad ibn Muḥammad Ibn al-Surá, occupation, [mathematician, astronomer, logician])","If Aḥmad ibn Muḥammad Ibn al-Surá was an expert in multiple fields and majors, he would be considered a polymath.",,,,Would Tony Stark be considered a polymath?,,,,
S192,Does Carl Linnaeus share the same final resting place as Michael Jackson?,Does Frédéric Vidalens share the same final resting place as Sadegh Hedayat?,TRUE,FALSE,"Frédéric Vidalens (Q3090262), Sadegh Hedayat (Q315017)
","(Frédéric Vidalens, place of burial, Père Lachaise Cemetery), (Sadegh Hedayat, place of burial, Père Lachaise Cemetery)","If Frédéric Vidalens and Sadegh Hedayat are buried in the same place, the answer is yes.",,,,Does Carl Linnaeus share the same final resting place as Michael Jackson?,,,,
S193,Is there a Harry Potter character named after Florence?,Is the name of city where Francesco Renzi was born also a common human name?,TRUE,TRUE,Francesco Renzi (Q107555718),"(Francesco Renzi, place of birth, Florence)","If the name of city of Francesco Renzi's birthplace is also a common human name, the answer is yes.",,,,Is there a Harry Potter character named after Florence?,,,,
S194,Did Jack Dempsey ever witness Conor McGregor's fights?,Could Frédéric Vidalens have attended Lionel Lundell's birthday party?,FALSE,FALSE,"Lionel Lundell (Q98358016), Frédéric Vidalens (Q3090262)
","(Lionel Lundell, date of birth, 12 August 2020), (Frédéric Vidalens, date of death, 9 August 2004)",Frédéric Vidalens must have been alive at the time of Lionel Lundell's birthdays to be able to attend them.,,,,Did Jack Dempsey ever witness Conor McGregor's fights?,,,,
S195,Can you carry a Chrysler in a laptop bag?,Can you carry an IKCO Samand in a laptop bag?,FALSE,FALSE,IKCO Samand (Q677378),"(IKCO Samand, instance of, automobile model)",IKCO Samand must be small and light enough to fit in a laptop bag for people to be able to carry it in a laptop bag.,,,,Can you carry a Chrysler in a laptop bag?,,,,
S196,Could a Diwali celebration feature a crustacean?,Is it likely for Arunasalam Namathevan to celebrate Diwali?,TRUE,TRUE,"Arunasalam Namathevan (Q28474398), Diwali (Q10244)
","(Arunasalam Namathevan, religion or worldview, Hinduism), (Diwali, description, Hindu, Jain, Sikh, Bhuddist and South Asian festival of lights)","If Arunasalam Namathevan practices a religion that celebrates Diwali, it is likely for him to celebrate Diwali.",,,,Could a Diwali celebration feature a crustacean?,,,,
S197,Would toast for a vegan have margarine instead of butter?,Would a toast for Pablo Busatto include margarine instead of butter?,TRUE,TRUE,Pablo Busatto (Q21529688),"(Pablo Busatto, lifestyle, veganism)","If Pablo Busatto avoids eating meat products, a toast for him would include margarine instead of butter.",,,,Would toast for a vegan have margarine instead of butter?,,,,
S198,Can Reiki be stored in a bottle?,Can taqiyya be stored in a bottle?,FALSE,FALSE,taqiyya (Q954213),"(taqiyya, instance of, custom)",Taqiyya must be a small and light physical entity to be able to fit in a bottle.,,,,Can Reiki be stored in a bottle?,,,,
S199,Was Alexander the Great baptized?,Is it likely for Manouchehr Eghbal to be baptized?,FALSE,FALSE,Manouchehr Eghbal (Q876117),"(Manouchehr Eghbal, religion or worldview, Islam)",Manouchehr Eghbal must have been a christian to be likely to be baptized.,,,,Was Alexander the Great baptized?,,,,
S200,Does Dean Cain have less days to birthday than Will Ferrell every 4th of July?,Is the birthday of Rodney Strasser closer to April than the birthday of Alexander Merkel?,TRUE,FALSE,"Rodney Strasser (Q44663), Alexander Merkel (Q327205)
","(Alexander Merkel, date of birth, 22 February 1992), (Rodney Strasser, date of birth, 30 March 1990)","If the date of birth of Rodney Strasser is closer to April than Alexander Merkel's birthday, the answer is yes.",,,,Does Dean Cain have less days to birthday than Will Ferrell every 4th of July?,,,,